type,properties/Name,properties/description,properties/tessellate,geometry/type,geometry/coordinates/0/0,geometry/coordinates/0/1,geometry/coordinates/1/0,geometry/coordinates/1/1,geometry/coordinates/2/0,geometry/coordinates/2/1,geometry/coordinates/3/0,geometry/coordinates/3/1,geometry/coordinates/4/0,geometry/coordinates/4/1,geometry/coordinates/5/0,geometry/coordinates/5/1,geometry/coordinates/6/0,geometry/coordinates/6/1,geometry/coordinates/7/0,geometry/coordinates/7/1,geometry/coordinates/8/0,geometry/coordinates/8/1,geometry/coordinates/9/0,geometry/coordinates/9/1,geometry/coordinates/10/0,geometry/coordinates/10/1,geometry/coordinates/11/0,geometry/coordinates/11/1,geometry/coordinates/12/0,geometry/coordinates/12/1,geometry/coordinates/13/0,geometry/coordinates/13/1,geometry/coordinates/14/0,geometry/coordinates/14/1,geometry/coordinates/15/0,geometry/coordinates/15/1,geometry/coordinates/16/0,geometry/coordinates/16/1,geometry/coordinates/17/0,geometry/coordinates/17/1,geometry/coordinates/18/0,geometry/coordinates/18/1,geometry/coordinates/19/0,geometry/coordinates/19/1,geometry/coordinates/20/0,geometry/coordinates/20/1,geometry/coordinates/21/0,geometry/coordinates/21/1,geometry/coordinates/22/0,geometry/coordinates/22/1,geometry/coordinates/23/0,geometry/coordinates/23/1,geometry/coordinates/24/0,geometry/coordinates/24/1,geometry/coordinates/25/0,geometry/coordinates/25/1,geometry/coordinates/26/0,geometry/coordinates/26/1,geometry/coordinates/27/0,geometry/coordinates/27/1,geometry/coordinates/28/0,geometry/coordinates/28/1,geometry/coordinates/29/0,geometry/coordinates/29/1,geometry/coordinates/30/0,geometry/coordinates/30/1,geometry/coordinates/31/0,geometry/coordinates/31/1,geometry/coordinates/32/0,geometry/coordinates/32/1,geometry/coordinates/33/0,geometry/coordinates/33/1,geometry/coordinates/34/0,geometry/coordinates/34/1,geometry/coordinates/35/0,geometry/coordinates/35/1,geometry/coordinates/36/0,geometry/coordinates/36/1,geometry/coordinates/37/0,geometry/coordinates/37/1,geometry/coordinates/38/0,geometry/coordinates/38/1,geometry/coordinates/39/0,geometry/coordinates/39/1,geometry/coordinates/40/0,geometry/coordinates/40/1,geometry/coordinates/41/0,geometry/coordinates/41/1,geometry/coordinates/42/0,geometry/coordinates/42/1,geometry/coordinates/43/0,geometry/coordinates/43/1,geometry/coordinates/44/0,geometry/coordinates/44/1,geometry/coordinates/45/0,geometry/coordinates/45/1,geometry/coordinates/46/0,geometry/coordinates/46/1,geometry/coordinates/47/0,geometry/coordinates/47/1,geometry/coordinates/48/0,geometry/coordinates/48/1,geometry/coordinates/49/0,geometry/coordinates/49/1,geometry/coordinates/50/0,geometry/coordinates/50/1,geometry/coordinates/51/0,geometry/coordinates/51/1,geometry/coordinates/52/0,geometry/coordinates/52/1,geometry/coordinates/53/0,geometry/coordinates/53/1,geometry/coordinates/54/0,geometry/coordinates/54/1,geometry/coordinates/55/0,geometry/coordinates/55/1,geometry/coordinates/56/0,geometry/coordinates/56/1,geometry/coordinates/57/0,geometry/coordinates/57/1,geometry/coordinates/58/0,geometry/coordinates/58/1,geometry/coordinates/59/0,geometry/coordinates/59/1,geometry/coordinates/60/0,geometry/coordinates/60/1,geometry/coordinates/61/0,geometry/coordinates/61/1,geometry/coordinates/62/0,geometry/coordinates/62/1,geometry/coordinates/63/0,geometry/coordinates/63/1,geometry/coordinates/64/0,geometry/coordinates/64/1,geometry/coordinates/65/0,geometry/coordinates/65/1,geometry/coordinates/66/0,geometry/coordinates/66/1,geometry/coordinates/67/0,geometry/coordinates/67/1,geometry/coordinates/68/0,geometry/coordinates/68/1,geometry/coordinates/69/0,geometry/coordinates/69/1,geometry/coordinates/70/0,geometry/coordinates/70/1,geometry/coordinates/71/0,geometry/coordinates/71/1,geometry/coordinates/72/0,geometry/coordinates/72/1,geometry/coordinates/73/0,geometry/coordinates/73/1,geometry/coordinates/74/0,geometry/coordinates/74/1,geometry/coordinates/75/0,geometry/coordinates/75/1,geometry/coordinates/76/0,geometry/coordinates/76/1,geometry/coordinates/77/0,geometry/coordinates/77/1,geometry/coordinates/78/0,geometry/coordinates/78/1,geometry/coordinates/79/0,geometry/coordinates/79/1,geometry/coordinates/80/0,geometry/coordinates/80/1,geometry/coordinates/81/0,geometry/coordinates/81/1,geometry/coordinates/82/0,geometry/coordinates/82/1,geometry/coordinates/83/0,geometry/coordinates/83/1,geometry/coordinates/84/0,geometry/coordinates/84/1,geometry/coordinates/85/0,geometry/coordinates/85/1,geometry/coordinates/86/0,geometry/coordinates/86/1,geometry/coordinates/87/0,geometry/coordinates/87/1,geometry/coordinates/88/0,geometry/coordinates/88/1,geometry/coordinates/89/0,geometry/coordinates/89/1,geometry/coordinates/90/0,geometry/coordinates/90/1,geometry/coordinates/91/0,geometry/coordinates/91/1,geometry/coordinates/92/0,geometry/coordinates/92/1,geometry/coordinates/93/0,geometry/coordinates/93/1,geometry/coordinates/94/0,geometry/coordinates/94/1,geometry/coordinates/0,geometry/coordinates/1,geometry/coordinates/95/0,geometry/coordinates/95/1,geometry/coordinates/96/0,geometry/coordinates/96/1,geometry/coordinates/97/0,geometry/coordinates/97/1,geometry/coordinates/98/0,geometry/coordinates/98/1,geometry/coordinates/99/0,geometry/coordinates/99/1,geometry/coordinates/100/0,geometry/coordinates/100/1,geometry/coordinates/101/0,geometry/coordinates/101/1,geometry/coordinates/102/0,geometry/coordinates/102/1,geometry/coordinates/103/0,geometry/coordinates/103/1,geometry/coordinates/104/0,geometry/coordinates/104/1,geometry/coordinates/105/0,geometry/coordinates/105/1,geometry/coordinates/106/0,geometry/coordinates/106/1,geometry/coordinates/107/0,geometry/coordinates/107/1,geometry/coordinates/108/0,geometry/coordinates/108/1,geometry/coordinates/109/0,geometry/coordinates/109/1,geometry/coordinates/110/0,geometry/coordinates/110/1,geometry/coordinates/111/0,geometry/coordinates/111/1,geometry/coordinates/112/0,geometry/coordinates/112/1,geometry/coordinates/113/0,geometry/coordinates/113/1,geometry/coordinates/114/0,geometry/coordinates/114/1,geometry/coordinates/115/0,geometry/coordinates/115/1,geometry/coordinates/116/0,geometry/coordinates/116/1,geometry/coordinates/117/0,geometry/coordinates/117/1,geometry/coordinates/118/0,geometry/coordinates/118/1,geometry/coordinates/119/0,geometry/coordinates/119/1,geometry/coordinates/120/0,geometry/coordinates/120/1,geometry/coordinates/121/0,geometry/coordinates/121/1,geometry/coordinates/122/0,geometry/coordinates/122/1,geometry/coordinates/123/0,geometry/coordinates/123/1,geometry/coordinates/124/0,geometry/coordinates/124/1,geometry/coordinates/125/0,geometry/coordinates/125/1,geometry/coordinates/126/0,geometry/coordinates/126/1,geometry/coordinates/127/0,geometry/coordinates/127/1,geometry/coordinates/128/0,geometry/coordinates/128/1,geometry/coordinates/129/0,geometry/coordinates/129/1,geometry/coordinates/130/0,geometry/coordinates/130/1,geometry/coordinates/131/0,geometry/coordinates/131/1,geometry/coordinates/132/0,geometry/coordinates/132/1,geometry/coordinates/133/0,geometry/coordinates/133/1,geometry/coordinates/134/0,geometry/coordinates/134/1,geometry/coordinates/135/0,geometry/coordinates/135/1,geometry/coordinates/136/0,geometry/coordinates/136/1,geometry/coordinates/137/0,geometry/coordinates/137/1,geometry/coordinates/138/0,geometry/coordinates/138/1,geometry/coordinates/139/0,geometry/coordinates/139/1,geometry/coordinates/140/0,geometry/coordinates/140/1,geometry/coordinates/141/0,geometry/coordinates/141/1,geometry/coordinates/142/0,geometry/coordinates/142/1,geometry/coordinates/143/0,geometry/coordinates/143/1,geometry/coordinates/144/0,geometry/coordinates/144/1,geometry/coordinates/145/0,geometry/coordinates/145/1,geometry/coordinates/146/0,geometry/coordinates/146/1,geometry/coordinates/147/0,geometry/coordinates/147/1,geometry/coordinates/148/0,geometry/coordinates/148/1
Feature,ISAP (metro line 1) : Piraeus - Kifissia,(ΗΣΑΠ) Πειραιάς - Κηφισιάς,1,LineString,23.64272,37.948,23.64479,37.94802,23.64382,37.94839,23.64263,37.94841,23.64381,37.94839,23.64431,37.9482,23.64275,37.94821,23.64431,37.9482,23.64479,37.94802,23.64735,37.94796,23.65092,37.94871,23.65224,37.94869,23.65548,37.94814,23.65724,37.94755,23.6619,37.94447,23.66279,37.94424,23.66365,37.94431,23.66468,37.94466,23.66606,37.94552,23.66675,37.94634,23.66922,37.95086,23.67034,37.95181,23.67251,37.95281,23.67948,37.95501,23.70351,37.96238,23.7069,37.96497,23.70896,37.96808,23.71242,37.97456,23.7136,37.97598,23.71467,37.97664,23.71579,37.97718,23.71702,37.97739,23.71849,37.97739,23.72274,37.97588,23.72385,37.97571,23.72426,37.97569,23.72465,37.97575,23.72553,37.97608,23.72595,37.9764,23.72808,37.98395,23.73023,37.99296,23.72982,37.99442,23.72858,37.99518,23.72409,37.99596,23.72291,37.99668,23.72266,37.9977,23.72295,38.00073,23.72332,38.00152,23.72703,38.00582,23.72757,38.00679,23.72946,38.01604,23.73225,38.02096,23.7333,38.02203,23.73595,38.02387,23.74212,38.02772,23.74514,38.03333,23.74986,38.03683,23.75106,38.03791,23.75207,38.04016,23.75319,38.04107,23.75463,38.04138,23.7566,38.04187,23.75838,38.04258,23.75928,38.04368,23.76008,38.04537,23.76083,38.04636,23.76211,38.04706,23.7643,38.04706,23.76656,38.04611,23.7696,38.04494,23.78027,38.04503,23.78207,38.04422,23.78399,38.04285,23.78527,38.0425,23.78648,38.04227,23.78771,38.04228,23.78875,38.04262,23.79234,38.04455,23.79418,38.04627,23.79797,38.05057,23.8013,38.05398,23.8058,38.05682,23.80638,38.05763,23.80608,38.05937,23.80394,38.06321,23.80368,38.06441,23.80398,38.06574,23.80454,38.06752,23.804251,38.069328,23.80453,38.070241,23.805195,38.070849,23.807191,38.071474,23.807888,38.071955,23.808242,38.072673,23.808135,38.073839,,,,,,,,,,,,,,,,,,,,,,,,,,,,,,,,,,,,,,,,,,,,,,,,,,,,,,,,,,,,,,,,,,,,,,,,,,,,,,,,,,,,,,,,,,,,,,,,,,,,,,,,,,,,,,
Feature,ISAP (metro line 1) : future extension to Aghios Stefanos,,1,LineString,23.8082,38.07276,23.80806,38.07459,23.80721,38.08,23.80729,38.08051,23.80774,38.08113,23.81014,38.08336,23.816986,38.088499,23.828831,38.10417,23.840847,38.112004,23.845997,38.118757,23.844795,38.126455,23.839989,38.131046,23.841362,38.135502,,,,,,,,,,,,,,,,,,,,,,,,,,,,,,,,,,,,,,,,,,,,,,,,,,,,,,,,,,,,,,,,,,,,,,,,,,,,,,,,,,,,,,,,,,,,,,,,,,,,,,,,,,,,,,,,,,,,,,,,,,,,,,,,,,,,,,,,,,,,,,,,,,,,,,,,,,,,,,,,,,,,,,,,,,,,,,,,,,,,,,,,,,,,,,,,,,,,,,,,,,,,,,,,,,,,,,,,,,,,,,,,,,,,,,,,,,,,,,,,,,,,,,,,,,,,,,,,,,,,,,,,,,,,,,,,,,
Feature,Metro- Line 2 : Aghios Dimitrios - Aghios Antonios,Άγιος Δημήτριος - Άγιος Αντώνιος,1,LineString,23.74085,37.93989,23.73737,37.94907,23.73464,37.95645,23.73317,37.957,23.72995,37.95705,23.72843,37.95763,23.72686,37.96084,23.72671,37.96436,23.72952,37.9687,23.73252,37.97187,23.73537,37.9752,23.73544,37.97671,23.73476,37.97813,23.73291,37.98027,23.73057,37.98246,23.72791,37.9842,23.72121,37.98614,23.72031,37.98692,23.71999,37.98794,23.721011,37.99199,23.72173,37.99543,23.7225,37.9994,23.72275,38.00049,23.72225,38.00142,23.72096,38.00182,23.71334,38.00277,23.70911,38.00373,23.69953,38.00632,,,,,,,,,,,,,,,,,,,,,,,,,,,,,,,,,,,,,,,,,,,,,,,,,,,,,,,,,,,,,,,,,,,,,,,,,,,,,,,,,,,,,,,,,,,,,,,,,,,,,,,,,,,,,,,,,,,,,,,,,,,,,,,,,,,,,,,,,,,,,,,,,,,,,,,,,,,,,,,,,,,,,,,,,,,,,,,,,,,,,,,,,,,,,,,,,,,,,,,,,,,,,,,,,,,,,,,,,,,,,,,,,,,,,,,,,,,,,,,,,,,,
Feature,Metro- Line 2 : extension to Peristeri (end 2009),,1,LineString,23.690343,38.017567,23.69508,38.013645,23.697392,38.010974,23.697853,38.008776,23.69854,38.007272,23.699473,38.006367,23.699988,38.006206,,,,,,,,,,,,,,,,,,,,,,,,,,,,,,,,,,,,,,,,,,,,,,,,,,,,,,,,,,,,,,,,,,,,,,,,,,,,,,,,,,,,,,,,,,,,,,,,,,,,,,,,,,,,,,,,,,,,,,,,,,,,,,,,,,,,,,,,,,,,,,,,,,,,,,,,,,,,,,,,,,,,,,,,,,,,,,,,,,,,,,,,,,,,,,,,,,,,,,,,,,,,,,,,,,,,,,,,,,,,,,,,,,,,,,,,,,,,,,,,,,,,,,,,,,,,,,,,,,,,,,,,,,,,,,,,,,,,,,,,,,,,,,
Feature,Metro- Line 2 : extension to Elliniko (spring 2010),,1,LineString,23.74062,37.94036,23.74162,37.93783,23.74471,37.93343,23.74488,37.93099,23.74437,37.92305,23.74396,37.91958,23.74405,37.91324,23.74613,37.89703,23.746551,37.894249,23.74742,37.891624,,,,,,,,,,,,,,,,,,,,,,,,,,,,,,,,,,,,,,,,,,,,,,,,,,,,,,,,,,,,,,,,,,,,,,,,,,,,,,,,,,,,,,,,,,,,,,,,,,,,,,,,,,,,,,,,,,,,,,,,,,,,,,,,,,,,,,,,,,,,,,,,,,,,,,,,,,,,,,,,,,,,,,,,,,,,,,,,,,,,,,,,,,,,,,,,,,,,,,,,,,,,,,,,,,,,,,,,,,,,,,,,,,,,,,,,,,,,,,,,,,,,,,,,,,,,,,,,,,,,,,,,,,,,,,,,,,,,,,,,
Feature,Metro - Line 2 : future extension to Zephyri,,1,LineString,23.6919,38.01627,23.68838,38.01917,23.6854,38.02142,23.684893,38.02301,23.685751,38.024768,23.690729,38.027473,23.702145,38.039574,23.702488,38.042008,23.696737,38.04951,23.696566,38.051403,23.698196,38.053228,23.708839,38.056742,23.711758,38.058364,23.71356,38.061,23.713474,38.065595,23.710728,38.07046,,,,,,,,,,,,,,,,,,,,,,,,,,,,,,,,,,,,,,,,,,,,,,,,,,,,,,,,,,,,,,,,,,,,,,,,,,,,,,,,,,,,,,,,,,,,,,,,,,,,,,,,,,,,,,,,,,,,,,,,,,,,,,,,,,,,,,,,,,,,,,,,,,,,,,,,,,,,,,,,,,,,,,,,,,,,,,,,,,,,,,,,,,,,,,,,,,,,,,,,,,,,,,,,,,,,,,,,,,,,,,,,,,,,,,,,,,,,,,,,,,,,,,,,,,,,,,,,,,,,,,,,,,,,
Feature,Metro - Line 2 : future extension to Glyfada,,1,LineString,23.74658,37.89413,23.74815,37.8895,23.74965,37.88653,23.75227,37.88488,23.758879,37.884135,23.764887,37.883457,23.767118,37.881831,23.766947,37.87946,23.764801,37.878038,23.751411,37.874379,23.749523,37.870924,23.745832,37.867875,23.745489,37.866181,23.74609,37.864555,23.751841,37.859134,,,,,,,,,,,,,,,,,,,,,,,,,,,,,,,,,,,,,,,,,,,,,,,,,,,,,,,,,,,,,,,,,,,,,,,,,,,,,,,,,,,,,,,,,,,,,,,,,,,,,,,,,,,,,,,,,,,,,,,,,,,,,,,,,,,,,,,,,,,,,,,,,,,,,,,,,,,,,,,,,,,,,,,,,,,,,,,,,,,,,,,,,,,,,,,,,,,,,,,,,,,,,,,,,,,,,,,,,,,,,,,,,,,,,,,,,,,,,,,,,,,,,,,,,,,,,,,,,,,,,,,,,,,,,,
Feature,Metro- Line 3 : Airport (Eleftherios Venizelos) - Egaleo,Εθνική Άμυνα - Αιγάλεω,1,LineString,23.949423,37.941862,23.925712,37.91705,23.923207,37.915433,23.919672,37.914308,23.914522,37.913351,23.910928,37.912327,23.905048,37.909559,23.904094,37.909136,23.903085,37.908721,23.90198,37.90845,23.901004,37.908442,23.900188,37.908552,23.899469,37.908831,23.89874,37.909347,23.898203,37.909906,23.895779,37.91297,23.888891,37.924583,23.88741,37.92856,23.886423,37.932554,23.886209,37.960001,23.885543,37.962843,23.884342,37.965465,23.882024,37.968341,23.871789,37.978202,23.870738,37.979522,23.870137,37.980858,23.869836,37.982295,23.869858,37.983834,23.872476,37.992493,23.87269,37.994336,23.872411,37.996399,23.870459,38.00296,23.869772,38.005344,23.868613,38.008827,23.867841,38.012732,23.867047,38.014862,23.865588,38.01684,23.863614,38.018514,23.861403,38.019731,23.858657,38.020576,23.849591,38.021874,23.84295,38.022715,23.83875,38.023332,23.837864,38.023636,23.83677,38.024143,23.83544,38.024498,23.83393,38.02444,23.83198,38.02377,23.82966,38.02317,23.82413,38.0226,23.81863,38.02162,23.81357,38.01876,23.81167,38.01603,23.81046,38.0131,23.80848,38.01094,23.80604,38.00977,23.79462,38.0048,23.78518,37.99895,23.77653,37.99283,23.7731,37.99232,23.77003,37.99298,23.76662,37.99359,23.7634,37.99308,23.75973,37.99034,23.7572,37.9872,23.75544,37.98256,23.75334,37.97906,23.75055,37.97749,23.74763,37.9764,23.73551,37.97539,23.72578,37.97624,23.71883,37.97783,23.71158,37.97877,23.69407,37.98769,23.68168,37.99158,,,,,,,,,,,,,,,,,,,,,,,,,,,,,,,,,,,,,,,,,,,,,,,,,,,,,,,,,,,,,,,,,,,,,,,,,,,,,,,,,,,,,,,,,,,,,,,,,,,,,,,,,,,,,,,,,,,,,,,,,,,,,,,,,,,,,,,,,,,,,,,,,,,,,,
Feature,Metro- Line 3 : extension to Piraeus (2013),,1,LineString,23.68217,37.99146,23.67759,37.99311,23.66925,37.99659,23.66555,37.99702,23.66274,37.99623,23.66116,37.99416,23.65961,37.99017,23.65038,37.97708,23.64918,37.97333,23.64931,37.97028,23.64918,37.96774,23.64729,37.96565,23.64395,37.96335,23.64197,37.96084,23.64106,37.95797,23.6409,37.95506,23.64141,37.95252,23.64195,37.9503,23.64249,37.94741,23.64373,37.94539,23.647245,37.942852,23.649927,37.942539,23.652148,37.943368,23.653586,37.944841,,,,,,,,,,,,,,,,,,,,,,,,,,,,,,,,,,,,,,,,,,,,,,,,,,,,,,,,,,,,,,,,,,,,,,,,,,,,,,,,,,,,,,,,,,,,,,,,,,,,,,,,,,,,,,,,,,,,,,,,,,,,,,,,,,,,,,,,,,,,,,,,,,,,,,,,,,,,,,,,,,,,,,,,,,,,,,,,,,,,,,,,,,,,,,,,,,,,,,,,,,,,,,,,,,,,,,,,,,,,,,,,,,,,,,,,,,,,,,,,,,,,,,,,,,,,
Feature,Neos Kosmos (Νέος Κόσμος‎),Metro station of line 2<br>Tram station of lines 4 and 5<br>Στάση της γραμμής 2 του μετρό<br> <br>Στάση των γραμμών 4 και 5 του τραμ,-1,Point,,,,,,,,,,,,,,,,,,,,,,,,,,,,,,,,,,,,,,,,,,,,,,,,,,,,,,,,,,,,,,,,,,,,,,,,,,,,,,,,,,,,,,,,,,,,,,,,,,,,,,,,,,,,,,,,,,,,,,,,,,,,,,,,,,,,,,,,,,,,,,,,,,,,,,,,,,,,,,,,,,,,,,,,,,,,,,,,,,,,,,,,,,,,,,,23.727947,37.957471,,,,,,,,,,,,,,,,,,,,,,,,,,,,,,,,,,,,,,,,,,,,,,,,,,,,,,,,,,,,,,,,,,,,,,,,,,,,,,,,,,,,,,,,,,,,,,,,,,,,,,,,,,,,
Feature,Faliro (Φάληρο) / S.E.F. (Σ.Ε.Φ.),"ISAP ""Faliro"" station (metro line 1)<br>Tram terminus ""S.E.F."" station of lines 3 and 4<br>Σταθμός ""Φάληρο"" του ΗΣΑΠ (γραμμή 1 του μετρό)<br>Τέρμα ""Σ.Ε.Φ."" των γραμμών 3 και 4 του τραμ",-1,Point,,,,,,,,,,,,,,,,,,,,,,,,,,,,,,,,,,,,,,,,,,,,,,,,,,,,,,,,,,,,,,,,,,,,,,,,,,,,,,,,,,,,,,,,,,,,,,,,,,,,,,,,,,,,,,,,,,,,,,,,,,,,,,,,,,,,,,,,,,,,,,,,,,,,,,,,,,,,,,,,,,,,,,,,,,,,,,,,,,,,,,,,,,,,,,,23.664551,37.944198,,,,,,,,,,,,,,,,,,,,,,,,,,,,,,,,,,,,,,,,,,,,,,,,,,,,,,,,,,,,,,,,,,,,,,,,,,,,,,,,,,,,,,,,,,,,,,,,,,,,,,,,,,,,
Feature,Piraeus (Πειραιάς),,-1,Point,,,,,,,,,,,,,,,,,,,,,,,,,,,,,,,,,,,,,,,,,,,,,,,,,,,,,,,,,,,,,,,,,,,,,,,,,,,,,,,,,,,,,,,,,,,,,,,,,,,,,,,,,,,,,,,,,,,,,,,,,,,,,,,,,,,,,,,,,,,,,,,,,,,,,,,,,,,,,,,,,,,,,,,,,,,,,,,,,,,,,,,,,,,,,,,23.639188,37.947616,,,,,,,,,,,,,,,,,,,,,,,,,,,,,,,,,,,,,,,,,,,,,,,,,,,,,,,,,,,,,,,,,,,,,,,,,,,,,,,,,,,,,,,,,,,,,,,,,,,,,,,,,,,,
Feature,"International Airport ""Eleftherios Venizelos"" of Athens (Διεθνές Αεροδρόμιο Αθηνών Ελευθέριος Βενιζέλος)",,-1,Point,,,,,,,,,,,,,,,,,,,,,,,,,,,,,,,,,,,,,,,,,,,,,,,,,,,,,,,,,,,,,,,,,,,,,,,,,,,,,,,,,,,,,,,,,,,,,,,,,,,,,,,,,,,,,,,,,,,,,,,,,,,,,,,,,,,,,,,,,,,,,,,,,,,,,,,,,,,,,,,,,,,,,,,,,,,,,,,,,,,,,,,,,,,,,,,23.952599,37.940542,,,,,,,,,,,,,,,,,,,,,,,,,,,,,,,,,,,,,,,,,,,,,,,,,,,,,,,,,,,,,,,,,,,,,,,,,,,,,,,,,,,,,,,,,,,,,,,,,,,,,,,,,,,,
Feature,Larissa Station,Σταθμός Λαρίσης,-1,Point,,,,,,,,,,,,,,,,,,,,,,,,,,,,,,,,,,,,,,,,,,,,,,,,,,,,,,,,,,,,,,,,,,,,,,,,,,,,,,,,,,,,,,,,,,,,,,,,,,,,,,,,,,,,,,,,,,,,,,,,,,,,,,,,,,,,,,,,,,,,,,,,,,,,,,,,,,,,,,,,,,,,,,,,,,,,,,,,,,,,,,,,,,,,,,,23.720652,37.992341,,,,,,,,,,,,,,,,,,,,,,,,,,,,,,,,,,,,,,,,,,,,,,,,,,,,,,,,,,,,,,,,,,,,,,,,,,,,,,,,,,,,,,,,,,,,,,,,,,,,,,,,,,,,
Feature,Kifissia (Κηφισιά),End of the ISAP line (metro line 1)<br>Τέρμα της γραμμής του ΗΣΑΠ (γραμμή 1 του μετρό),-1,Point,,,,,,,,,,,,,,,,,,,,,,,,,,,,,,,,,,,,,,,,,,,,,,,,,,,,,,,,,,,,,,,,,,,,,,,,,,,,,,,,,,,,,,,,,,,,,,,,,,,,,,,,,,,,,,,,,,,,,,,,,,,,,,,,,,,,,,,,,,,,,,,,,,,,,,,,,,,,,,,,,,,,,,,,,,,,,,,,,,,,,,,,,,,,,,,23.808231,38.073197,,,,,,,,,,,,,,,,,,,,,,,,,,,,,,,,,,,,,,,,,,,,,,,,,,,,,,,,,,,,,,,,,,,,,,,,,,,,,,,,,,,,,,,,,,,,,,,,,,,,,,,,,,,,
Feature,K.A.T. (Κ.Α.Τ.),ISAP station (metro line 1)<br>Σταθμός του ΗΣΑΠ (γραμμή 1 του μετρό),-1,Point,,,,,,,,,,,,,,,,,,,,,,,,,,,,,,,,,,,,,,,,,,,,,,,,,,,,,,,,,,,,,,,,,,,,,,,,,,,,,,,,,,,,,,,,,,,,,,,,,,,,,,,,,,,,,,,,,,,,,,,,,,,,,,,,,,,,,,,,,,,,,,,,,,,,,,,,,,,,,,,,,,,,,,,,,,,,,,,,,,,,,,,,,,,,,,,23.804004,38.065832,,,,,,,,,,,,,,,,,,,,,,,,,,,,,,,,,,,,,,,,,,,,,,,,,,,,,,,,,,,,,,,,,,,,,,,,,,,,,,,,,,,,,,,,,,,,,,,,,,,,,,,,,,,,
Feature,Maroussi (Μαρούσι),ISAP station (metro line 1)<br>Σταθμός του ΗΣΑΠ (γραμμή 1 του μετρό),-1,Point,,,,,,,,,,,,,,,,,,,,,,,,,,,,,,,,,,,,,,,,,,,,,,,,,,,,,,,,,,,,,,,,,,,,,,,,,,,,,,,,,,,,,,,,,,,,,,,,,,,,,,,,,,,,,,,,,,,,,,,,,,,,,,,,,,,,,,,,,,,,,,,,,,,,,,,,,,,,,,,,,,,,,,,,,,,,,,,,,,,,,,,,,,,,,,,23.804766,38.056134,,,,,,,,,,,,,,,,,,,,,,,,,,,,,,,,,,,,,,,,,,,,,,,,,,,,,,,,,,,,,,,,,,,,,,,,,,,,,,,,,,,,,,,,,,,,,,,,,,,,,,,,,,,,
Feature,Neratziotissa (Νεραντζιώτισσα),ISAP station (metro line 1)<br>Σταθμός του ΗΣΑΠ (γραμμή 1 του μετρό),-1,Point,,,,,,,,,,,,,,,,,,,,,,,,,,,,,,,,,,,,,,,,,,,,,,,,,,,,,,,,,,,,,,,,,,,,,,,,,,,,,,,,,,,,,,,,,,,,,,,,,,,,,,,,,,,,,,,,,,,,,,,,,,,,,,,,,,,,,,,,,,,,,,,,,,,,,,,,,,,,,,,,,,,,,,,,,,,,,,,,,,,,,,,,,,,,,,,23.793018,38.045092,,,,,,,,,,,,,,,,,,,,,,,,,,,,,,,,,,,,,,,,,,,,,,,,,,,,,,,,,,,,,,,,,,,,,,,,,,,,,,,,,,,,,,,,,,,,,,,,,,,,,,,,,,,,
Feature,Irini (Ειρήνη),ISAP station (metro line 1)<br>Σταθμός του ΗΣΑΠ (γραμμή 1 του μετρό),-1,Point,,,,,,,,,,,,,,,,,,,,,,,,,,,,,,,,,,,,,,,,,,,,,,,,,,,,,,,,,,,,,,,,,,,,,,,,,,,,,,,,,,,,,,,,,,,,,,,,,,,,,,,,,,,,,,,,,,,,,,,,,,,,,,,,,,,,,,,,,,,,,,,,,,,,,,,,,,,,,,,,,,,,,,,,,,,,,,,,,,,,,,,,,,,,,,,23.783276,38.043385,,,,,,,,,,,,,,,,,,,,,,,,,,,,,,,,,,,,,,,,,,,,,,,,,,,,,,,,,,,,,,,,,,,,,,,,,,,,,,,,,,,,,,,,,,,,,,,,,,,,,,,,,,,,
Feature,Tram- Line 3 : Piraeus - Voula,Πειραιάς (Σ.Ε.Φ.) - Βουλα,1,LineString,23.663408,37.94377,23.665495,37.943698,23.66579,37.943736,23.666005,37.943918,23.666187,37.944269,23.666434,37.944401,23.672528,37.944451,23.678455,37.944088,23.67948,37.943897,23.683466,37.942759,23.684619,37.942353,23.685542,37.941913,23.686856,37.941202,23.68853,37.940305,23.689227,37.939958,23.689506,37.939595,23.689839,37.939036,23.6903,37.938139,23.691105,37.937674,23.692049,37.937386,23.693057,37.937115,23.693765,37.93676,23.694227,37.936252,23.694484,37.935685,23.694463,37.935144,23.694388,37.934814,23.694184,37.93445,23.693626,37.933858,23.693283,37.93357,23.692907,37.933477,23.692499,37.933494,23.691738,37.933468,23.691244,37.933367,23.690659,37.933231,23.690085,37.932872,23.688986,37.932609,23.687913,37.932372,23.68736,37.932072,23.686856,37.9312,23.686497,37.930452,23.686389,37.929821,23.686577,37.929153,23.686845,37.928645,23.687666,37.927909,23.688648,37.927519,23.689646,37.926935,23.690515,37.926021,23.69163,37.924523,23.692328,37.923652,23.692934,37.923089,23.693508,37.922666,23.6945,37.922187,23.697059,37.921138,23.698545,37.920444,23.69958,37.919775,23.700149,37.919369,23.700487,37.918832,23.700761,37.918282,23.70105,37.917782,23.701528,37.917376,23.702252,37.917067,23.703099,37.916919,23.703732,37.916792,23.704371,37.916538,23.705186,37.915937,23.706071,37.915366,23.706667,37.914693,23.707058,37.91427,23.707305,37.914054,23.707847,37.913749,23.708056,37.913597,23.708271,37.91344,23.708528,37.912928,23.708845,37.912412,23.710079,37.911375,23.710814,37.910803,23.711661,37.910135,23.712353,37.909783,23.713989,37.90906,23.714617,37.908543,23.716725,37.906592,23.717814,37.905022,23.718957,37.903726,23.719295,37.90277,23.719343,37.901834,23.719295,37.900141,23.719364,37.899413,23.719804,37.898012,23.72055,37.895616,23.721097,37.893512,23.72129,37.893148,23.722857,37.890578,23.726837,37.884668,23.729702,37.880167,23.730083,37.879134,,,23.73049,37.877758,23.731032,37.876484,23.731375,37.875988,23.731644,37.875514,23.731617,37.875019,23.731767,37.874485,23.732432,37.873884,23.73321,37.873257,23.734041,37.872114,23.73571,37.870606,23.736198,37.87006,23.736418,37.86948,23.736836,37.868341,23.737271,37.867879,23.737925,37.867591,23.738413,37.867502,23.739036,37.867312,23.739454,37.866884,23.740307,37.866003,23.740897,37.865605,23.741852,37.865037,23.742941,37.864516,23.743998,37.864106,23.744647,37.863839,23.744963,37.863204,23.745178,37.862717,23.74595,37.862462,23.746514,37.862645,23.746921,37.86306,23.747281,37.863293,23.748279,37.863381,23.749341,37.863242,23.750607,37.862933,23.751551,37.862534,23.752468,37.861988,23.753176,37.861361,23.753691,37.860806,23.754297,37.859777,23.754523,37.859163,23.754678,37.858155,23.754485,37.857168,23.754281,37.856592,23.753938,37.855741,23.753589,37.855284,23.752908,37.854784,23.75271,37.854534,23.752613,37.853932,23.752345,37.853767,23.751776,37.853708,23.75147,37.853441,23.751492,37.852967,23.751717,37.852094,23.751948,37.851141,23.752474,37.849205
Feature,Tram- Line 4 : Syntagma - Piraeus,Σύνταγμα - Πειραιάς (Σ.Ε.Φ.),1,LineString,23.73527,37.974688,23.735045,37.973635,23.734878,37.973344,23.732931,37.971085,23.73284,37.970887,23.732899,37.970696,23.733135,37.97057,23.736466,37.969225,23.737223,37.969072,23.737566,37.969005,23.737721,37.968857,23.737689,37.968692,23.737271,37.968404,23.736514,37.968155,23.735667,37.967998,23.73498,37.967855,23.73461,37.967677,23.734412,37.96747,23.7341,37.96733,23.732952,37.967237,23.732078,37.967013,23.731177,37.966379,23.730361,37.965786,23.729761,37.965545,23.728645,37.9653,23.727862,37.965097,23.727159,37.964649,23.72674,37.964103,23.726547,37.963621,23.726027,37.963224,23.725405,37.962834,23.725206,37.962458,23.724058,37.961489,23.723415,37.961041,23.723286,37.960737,23.723221,37.959717,23.723393,37.959316,23.724053,37.958791,23.724788,37.958152,23.725142,37.958009,23.727121,37.957767,23.727652,37.957683,23.727862,37.957467,23.727781,37.957264,23.727293,37.956938,23.72644,37.956515,23.72511,37.955801,23.724171,37.955048,23.722857,37.953791,23.720062,37.95127,23.716452,37.948364,23.716258,37.948161,23.716049,37.947806,23.715792,37.947616,23.715309,37.947421,23.715084,37.947193,23.714697,37.946105,23.714166,37.944426,23.711409,37.935546,23.709521,37.92944,23.709338,37.929275,23.70377,37.927925,23.703464,37.927756,23.70325,37.927557,23.698824,37.920732,23.698711,37.920668,23.698529,37.920681,23.69707,37.921316,23.694275,37.922573,23.693696,37.922881,23.692456,37.92388,23.690772,37.926148,23.690209,37.926817,23.689796,37.927244,23.689093,37.927659,23.687913,37.928154,23.687237,37.9287,23.686888,37.929275,23.686792,37.929918,23.687022,37.930807,23.68751,37.931691,23.687768,37.931932,23.688605,37.932258,23.689699,37.932449,23.690252,37.932631,23.690906,37.933003,23.691512,37.933189,23.692419,37.933248,23.692993,37.933223,23.693411,37.933329,23.693862,37.933621,23.694173,37.933976,23.694431,37.934247,23.694677,37.934585,23.69479,37.935025,,,23.694795,37.935482,23.694645,37.93613,23.694221,37.936777,23.693712,37.937098,23.692859,37.937386,23.691582,37.93778,23.69082,37.938127,23.690375,37.938567,23.689951,37.939624,23.68942,37.940174,23.687918,37.940948,23.685113,37.942425,23.683986,37.94284,23.681867,37.943461,23.679507,37.944121,23.67853,37.944307,23.675811,37.944472,23.672608,37.944671,23.667131,37.944595,23.666579,37.944604,23.666182,37.944561,23.665972,37.944396,23.66572,37.944003,23.665522,37.943893,23.663456,37.943939,,,,,,,,,,,,,,,,,,,,,,,,,,,,,,,,,,,,,,,,,,,,,,,,,,,,,,,,,,
Feature,Tram- Line 5 : Syntagma - Voula,Σύνταγμα - Βούλα,1,LineString,23.75278,37.84928,23.75181,37.85308,23.75187,37.85335,23.7522,37.8535,23.75257,37.85356,23.75291,37.85375,23.75303,37.85444,23.75412,37.8553,23.75472,37.85668,23.75505,37.85807,23.75497,37.85897,23.75465,37.85991,23.75397,37.86094,23.75291,37.86206,23.75223,37.86257,23.75112,37.86316,23.7491,37.86359,23.74803,37.86367,23.7469,37.86359,23.74627,37.86299,23.74584,37.86292,23.74546,37.86313,23.74524,37.86381,23.74482,37.86417,23.74199,37.86552,23.74059,37.86652,23.73964,37.86743,23.73903,37.86782,23.73788,37.86812,23.73733,37.86859,23.73692,37.86974,23.73655,37.87048,23.73436,37.87245,23.73295,37.87416,23.73232,37.87482,23.73234,37.87547,23.73156,37.87695,23.73041,37.8803,23.7288,37.88293,23.72181,37.89335,23.71978,37.89985,23.71977,37.9026,23.71948,37.9037,23.7169,37.907,23.71433,37.90923,23.71182,37.91042,23.70925,37.91269,23.70845,37.91384,23.7074,37.91452,23.70657,37.91534,23.70558,37.91608,23.70454,37.91679,23.70348,37.91713,23.70224,37.91733,23.70158,37.91765,23.70115,37.91813,23.70053,37.91922,23.69998,37.9198,23.69915,37.9203,23.699,37.92047,23.69901,37.92066,23.70353,37.92754,23.70381,37.9277,23.70933,37.92902,23.70965,37.92916,23.70985,37.92953,23.71537,37.94711,23.71552,37.94727,23.71593,37.94742,23.71626,37.94764,23.71659,37.94814,23.72037,37.95105,23.72533,37.95564,23.72805,37.95704,23.72835,37.95745,23.7281,37.95785,23.72537,37.95829,23.72479,37.95855,23.72361,37.95963,23.72366,37.96088,23.72556,37.96242,23.72569,37.96275,23.72687,37.96349,23.72704,37.96396,23.72748,37.96449,23.72813,37.96483,23.72992,37.9652,23.73081,37.9656,23.73233,37.96672,23.73305,37.96697,23.73417,37.96697,23.73475,37.96728,23.73502,37.96758,23.73674,37.9679,23.73747,37.96811,,,23.73812,37.96866,23.738226,37.969068,23.73776,37.96933,23.736928,37.969466,23.733494,37.970768,23.733376,37.971073,23.734717,37.972722,23.735286,37.973449,23.735586,37.974608,,,,,,,,,,,,,,,,,,,,,,,,,,,,,,,,,,,,,,,,,,,,,,,,,,,,,,,,,,,,,,,,,,,,,,,,,,,,,,,,,,,,,,,,,,
Feature,Syntagma (Σύνταγμα),Metro station of lines 2 and 3<br>Tram terminus station of lines 4 and 5<br>Στάση των γραμμών 2 και 3 του μετρό<br>Τέρμα των γραμμών 4 και 5 του τραμ,-1,Point,,,,,,,,,,,,,,,,,,,,,,,,,,,,,,,,,,,,,,,,,,,,,,,,,,,,,,,,,,,,,,,,,,,,,,,,,,,,,,,,,,,,,,,,,,,,,,,,,,,,,,,,,,,,,,,,,,,,,,,,,,,,,,,,,,,,,,,,,,,,,,,,,,,,,,,,,,,,,,,,,,,,,,,,,,,,,,,,,,,,,,,,,,,,,,,23.735619,37.975022,,,,,,,,,,,,,,,,,,,,,,,,,,,,,,,,,,,,,,,,,,,,,,,,,,,,,,,,,,,,,,,,,,,,,,,,,,,,,,,,,,,,,,,,,,,,,,,,,,,,,,,,,,,,
Feature,Monastiraki (Μοναστηράκι‎),Metro station of line 3<br>ISAP station (metro line 1)<br>Στάση της γραμμής 3 του μετρό<br> <br>Σταθμός του ΗΣΑΠ (γραμμή 1 του μετρό),-1,Point,,,,,,,,,,,,,,,,,,,,,,,,,,,,,,,,,,,,,,,,,,,,,,,,,,,,,,,,,,,,,,,,,,,,,,,,,,,,,,,,,,,,,,,,,,,,,,,,,,,,,,,,,,,,,,,,,,,,,,,,,,,,,,,,,,,,,,,,,,,,,,,,,,,,,,,,,,,,,,,,,,,,,,,,,,,,,,,,,,,,,,,,,,,,,,,23.725775,37.976211,,,,,,,,,,,,,,,,,,,,,,,,,,,,,,,,,,,,,,,,,,,,,,,,,,,,,,,,,,,,,,,,,,,,,,,,,,,,,,,,,,,,,,,,,,,,,,,,,,,,,,,,,,,,
Feature,Omonia (Ομόνοια‎),Metro station of line 2<br>ISAP station (metro line 1)<br>Στάση της γραμμής 2 του μετρό<br>Σταθμός του ΗΣΑΠ (γραμμή 1 του μετρό),-1,Point,,,,,,,,,,,,,,,,,,,,,,,,,,,,,,,,,,,,,,,,,,,,,,,,,,,,,,,,,,,,,,,,,,,,,,,,,,,,,,,,,,,,,,,,,,,,,,,,,,,,,,,,,,,,,,,,,,,,,,,,,,,,,,,,,,,,,,,,,,,,,,,,,,,,,,,,,,,,,,,,,,,,,,,,,,,,,,,,,,,,,,,,,,,,,,,23.728151,37.984054,,,,,,,,,,,,,,,,,,,,,,,,,,,,,,,,,,,,,,,,,,,,,,,,,,,,,,,,,,,,,,,,,,,,,,,,,,,,,,,,,,,,,,,,,,,,,,,,,,,,,,,,,,,,
Feature,Attiki (Αττική‎),Metro station of line 2<br>ISAP station (metro line 1)<br>Στάση της γραμμής 2 του μετρό<br>Σταθμός του ΗΣΑΠ (γραμμή 1 του μετρό),-1,Point,,,,,,,,,,,,,,,,,,,,,,,,,,,,,,,,,,,,,,,,,,,,,,,,,,,,,,,,,,,,,,,,,,,,,,,,,,,,,,,,,,,,,,,,,,,,,,,,,,,,,,,,,,,,,,,,,,,,,,,,,,,,,,,,,,,,,,,,,,,,,,,,,,,,,,,,,,,,,,,,,,,,,,,,,,,,,,,,,,,,,,,,,,,,,,,23.722744,37.999325,,,,,,,,,,,,,,,,,,,,,,,,,,,,,,,,,,,,,,,,,,,,,,,,,,,,,,,,,,,,,,,,,,,,,,,,,,,,,,,,,,,,,,,,,,,,,,,,,,,,,,,,,,,,
Feature,Syngrou-Fix (Συγγρού-Φιξ‎),Metro station of line 2<br>Tram station of lines 4 and 5<br>Στάση της γραμμής 2 του μετρό<br>Στάση των γραμμών 4 και 5 του τραμ,-1,Point,,,,,,,,,,,,,,,,,,,,,,,,,,,,,,,,,,,,,,,,,,,,,,,,,,,,,,,,,,,,,,,,,,,,,,,,,,,,,,,,,,,,,,,,,,,,,,,,,,,,,,,,,,,,,,,,,,,,,,,,,,,,,,,,,,,,,,,,,,,,,,,,,,,,,,,,,,,,,,,,,,,,,,,,,,,,,,,,,,,,,,,,,,,,,,,23.726939,37.964002,,,,,,,,,,,,,,,,,,,,,,,,,,,,,,,,,,,,,,,,,,,,,,,,,,,,,,,,,,,,,,,,,,,,,,,,,,,,,,,,,,,,,,,,,,,,,,,,,,,,,,,,,,,,
Feature,Iraklio (Ηράκλειο),ISAP station (metro line 1)<br>Σταθμός του ΗΣΑΠ (γραμμή 1 του μετρό),-1,Point,,,,,,,,,,,,,,,,,,,,,,,,,,,,,,,,,,,,,,,,,,,,,,,,,,,,,,,,,,,,,,,,,,,,,,,,,,,,,,,,,,,,,,,,,,,,,,,,,,,,,,,,,,,,,,,,,,,,,,,,,,,,,,,,,,,,,,,,,,,,,,,,,,,,,,,,,,,,,,,,,,,,,,,,,,,,,,,,,,,,,,,,,,,,,,,23.766228,38.046182,,,,,,,,,,,,,,,,,,,,,,,,,,,,,,,,,,,,,,,,,,,,,,,,,,,,,,,,,,,,,,,,,,,,,,,,,,,,,,,,,,,,,,,,,,,,,,,,,,,,,,,,,,,,
Feature,Nea Ionia (Νέα Ιωνία),ISAP station (metro line 1)<br>Σταθμός του ΗΣΑΠ (γραμμή 1 του μετρό),-1,Point,,,,,,,,,,,,,,,,,,,,,,,,,,,,,,,,,,,,,,,,,,,,,,,,,,,,,,,,,,,,,,,,,,,,,,,,,,,,,,,,,,,,,,,,,,,,,,,,,,,,,,,,,,,,,,,,,,,,,,,,,,,,,,,,,,,,,,,,,,,,,,,,,,,,,,,,,,,,,,,,,,,,,,,,,,,,,,,,,,,,,,,,,,,,,,,23.754898,38.041425,,,,,,,,,,,,,,,,,,,,,,,,,,,,,,,,,,,,,,,,,,,,,,,,,,,,,,,,,,,,,,,,,,,,,,,,,,,,,,,,,,,,,,,,,,,,,,,,,,,,,,,,,,,,
Feature,Pefkakia (Πευκάκια),ISAP station (metro line 1)<br>Σταθμός του ΗΣΑΠ (γραμμή 1 του μετρό),-1,Point,,,,,,,,,,,,,,,,,,,,,,,,,,,,,,,,,,,,,,,,,,,,,,,,,,,,,,,,,,,,,,,,,,,,,,,,,,,,,,,,,,,,,,,,,,,,,,,,,,,,,,,,,,,,,,,,,,,,,,,,,,,,,,,,,,,,,,,,,,,,,,,,,,,,,,,,,,,,,,,,,,,,,,,,,,,,,,,,,,,,,,,,,,,,,,,23.750113,38.037039,,,,,,,,,,,,,,,,,,,,,,,,,,,,,,,,,,,,,,,,,,,,,,,,,,,,,,,,,,,,,,,,,,,,,,,,,,,,,,,,,,,,,,,,,,,,,,,,,,,,,,,,,,,,
Feature,Perissos (Περισσός),ISAP station (metro line 1)<br>Σταθμός του ΗΣΑΠ (γραμμή 1 του μετρό),-1,Point,,,,,,,,,,,,,,,,,,,,,,,,,,,,,,,,,,,,,,,,,,,,,,,,,,,,,,,,,,,,,,,,,,,,,,,,,,,,,,,,,,,,,,,,,,,,,,,,,,,,,,,,,,,,,,,,,,,,,,,,,,,,,,,,,,,,,,,,,,,,,,,,,,,,,,,,,,,,,,,,,,,,,,,,,,,,,,,,,,,,,,,,,,,,,,,23.74476,38.032772,,,,,,,,,,,,,,,,,,,,,,,,,,,,,,,,,,,,,,,,,,,,,,,,,,,,,,,,,,,,,,,,,,,,,,,,,,,,,,,,,,,,,,,,,,,,,,,,,,,,,,,,,,,,
Feature,Ano Patissia (Άνω Πατήσια),ISAP station (metro line 1)<br>Σταθμός του ΗΣΑΠ (γραμμή 1 του μετρό),-1,Point,,,,,,,,,,,,,,,,,,,,,,,,,,,,,,,,,,,,,,,,,,,,,,,,,,,,,,,,,,,,,,,,,,,,,,,,,,,,,,,,,,,,,,,,,,,,,,,,,,,,,,,,,,,,,,,,,,,,,,,,,,,,,,,,,,,,,,,,,,,,,,,,,,,,,,,,,,,,,,,,,,,,,,,,,,,,,,,,,,,,,,,,,,,,,,,23.735983,38.023796,,,,,,,,,,,,,,,,,,,,,,,,,,,,,,,,,,,,,,,,,,,,,,,,,,,,,,,,,,,,,,,,,,,,,,,,,,,,,,,,,,,,,,,,,,,,,,,,,,,,,,,,,,,,
Feature,Agios Eleftherios (Άγιος Ελευθέριος),ISAP station (metro line 1)<br>Σταθμός του ΗΣΑΠ (γραμμή 1 του μετρό),-1,Point,,,,,,,,,,,,,,,,,,,,,,,,,,,,,,,,,,,,,,,,,,,,,,,,,,,,,,,,,,,,,,,,,,,,,,,,,,,,,,,,,,,,,,,,,,,,,,,,,,,,,,,,,,,,,,,,,,,,,,,,,,,,,,,,,,,,,,,,,,,,,,,,,,,,,,,,,,,,,,,,,,,,,,,,,,,,,,,,,,,,,,,,,,,,,,,23.731649,38.019866,,,,,,,,,,,,,,,,,,,,,,,,,,,,,,,,,,,,,,,,,,,,,,,,,,,,,,,,,,,,,,,,,,,,,,,,,,,,,,,,,,,,,,,,,,,,,,,,,,,,,,,,,,,,
Feature,Kato Patissia (Κάτω Πατήσια),ISAP station (metro line 1)<br>Σταθμός του ΗΣΑΠ (γραμμή 1 του μετρό),-1,Point,,,,,,,,,,,,,,,,,,,,,,,,,,,,,,,,,,,,,,,,,,,,,,,,,,,,,,,,,,,,,,,,,,,,,,,,,,,,,,,,,,,,,,,,,,,,,,,,,,,,,,,,,,,,,,,,,,,,,,,,,,,,,,,,,,,,,,,,,,,,,,,,,,,,,,,,,,,,,,,,,,,,,,,,,,,,,,,,,,,,,,,,,,,,,,,23.728623,38.011912,,,,,,,,,,,,,,,,,,,,,,,,,,,,,,,,,,,,,,,,,,,,,,,,,,,,,,,,,,,,,,,,,,,,,,,,,,,,,,,,,,,,,,,,,,,,,,,,,,,,,,,,,,,,
Feature,Agios Nikolaos (Άγιος Νικόλαος),ISAP station (metro line 1)<br>Σταθμός του ΗΣΑΠ (γραμμή 1 του μετρό),-1,Point,,,,,,,,,,,,,,,,,,,,,,,,,,,,,,,,,,,,,,,,,,,,,,,,,,,,,,,,,,,,,,,,,,,,,,,,,,,,,,,,,,,,,,,,,,,,,,,,,,,,,,,,,,,,,,,,,,,,,,,,,,,,,,,,,,,,,,,,,,,,,,,,,,,,,,,,,,,,,,,,,,,,,,,,,,,,,,,,,,,,,,,,,,,,,,,23.727701,38.006967,,,,,,,,,,,,,,,,,,,,,,,,,,,,,,,,,,,,,,,,,,,,,,,,,,,,,,,,,,,,,,,,,,,,,,,,,,,,,,,,,,,,,,,,,,,,,,,,,,,,,,,,,,,,
Feature,Victoria (Βικτώρια),ISAP station (metro line 1)<br>Σταθμός του ΗΣΑΠ (γραμμή 1 του μετρό),-1,Point,,,,,,,,,,,,,,,,,,,,,,,,,,,,,,,,,,,,,,,,,,,,,,,,,,,,,,,,,,,,,,,,,,,,,,,,,,,,,,,,,,,,,,,,,,,,,,,,,,,,,,,,,,,,,,,,,,,,,,,,,,,,,,,,,,,,,,,,,,,,,,,,,,,,,,,,,,,,,,,,,,,,,,,,,,,,,,,,,,,,,,,,,,,,,,,23.730211,37.993017,,,,,,,,,,,,,,,,,,,,,,,,,,,,,,,,,,,,,,,,,,,,,,,,,,,,,,,,,,,,,,,,,,,,,,,,,,,,,,,,,,,,,,,,,,,,,,,,,,,,,,,,,,,,
Feature,Thissio (Θησείο),ISAP station (metro line 1)<br>Σταθμός του ΗΣΑΠ (γραμμή 1 του μετρό),-1,Point,,,,,,,,,,,,,,,,,,,,,,,,,,,,,,,,,,,,,,,,,,,,,,,,,,,,,,,,,,,,,,,,,,,,,,,,,,,,,,,,,,,,,,,,,,,,,,,,,,,,,,,,,,,,,,,,,,,,,,,,,,,,,,,,,,,,,,,,,,,,,,,,,,,,,,,,,,,,,,,,,,,,,,,,,,,,,,,,,,,,,,,,,,,,,,,23.720673,37.976697,,,,,,,,,,,,,,,,,,,,,,,,,,,,,,,,,,,,,,,,,,,,,,,,,,,,,,,,,,,,,,,,,,,,,,,,,,,,,,,,,,,,,,,,,,,,,,,,,,,,,,,,,,,,
Feature,Petralona (Πετράλωνα),ISAP station (metro line 1)<br>Σταθμός του ΗΣΑΠ (γραμμή 1 του μετρό),-1,Point,,,,,,,,,,,,,,,,,,,,,,,,,,,,,,,,,,,,,,,,,,,,,,,,,,,,,,,,,,,,,,,,,,,,,,,,,,,,,,,,,,,,,,,,,,,,,,,,,,,,,,,,,,,,,,,,,,,,,,,,,,,,,,,,,,,,,,,,,,,,,,,,,,,,,,,,,,,,,,,,,,,,,,,,,,,,,,,,,,,,,,,,,,,,,,,23.709054,37.968256,,,,,,,,,,,,,,,,,,,,,,,,,,,,,,,,,,,,,,,,,,,,,,,,,,,,,,,,,,,,,,,,,,,,,,,,,,,,,,,,,,,,,,,,,,,,,,,,,,,,,,,,,,,,
Feature,Tavros (Ταύρος),ISAP station (metro line 1)<br>Σταθμός του ΗΣΑΠ (γραμμή 1 του μετρό),-1,Point,,,,,,,,,,,,,,,,,,,,,,,,,,,,,,,,,,,,,,,,,,,,,,,,,,,,,,,,,,,,,,,,,,,,,,,,,,,,,,,,,,,,,,,,,,,,,,,,,,,,,,,,,,,,,,,,,,,,,,,,,,,,,,,,,,,,,,,,,,,,,,,,,,,,,,,,,,,,,,,,,,,,,,,,,,,,,,,,,,,,,,,,,,,,,,,23.703411,37.962411,,,,,,,,,,,,,,,,,,,,,,,,,,,,,,,,,,,,,,,,,,,,,,,,,,,,,,,,,,,,,,,,,,,,,,,,,,,,,,,,,,,,,,,,,,,,,,,,,,,,,,,,,,,,
Feature,Kallithea (Καλλιθέα),ISAP station (metro line 1)<br>Σταθμός του ΗΣΑΠ (γραμμή 1 του μετρό),-1,Point,,,,,,,,,,,,,,,,,,,,,,,,,,,,,,,,,,,,,,,,,,,,,,,,,,,,,,,,,,,,,,,,,,,,,,,,,,,,,,,,,,,,,,,,,,,,,,,,,,,,,,,,,,,,,,,,,,,,,,,,,,,,,,,,,,,,,,,,,,,,,,,,,,,,,,,,,,,,,,,,,,,,,,,,,,,,,,,,,,,,,,,,,,,,,,,23.697209,37.960339,,,,,,,,,,,,,,,,,,,,,,,,,,,,,,,,,,,,,,,,,,,,,,,,,,,,,,,,,,,,,,,,,,,,,,,,,,,,,,,,,,,,,,,,,,,,,,,,,,,,,,,,,,,,
Feature,Moschato (Μοσχάτο),ISAP station (metro line 1)<br>Σταθμός του ΗΣΑΠ (γραμμή 1 του μετρό),-1,Point,,,,,,,,,,,,,,,,,,,,,,,,,,,,,,,,,,,,,,,,,,,,,,,,,,,,,,,,,,,,,,,,,,,,,,,,,,,,,,,,,,,,,,,,,,,,,,,,,,,,,,,,,,,,,,,,,,,,,,,,,,,,,,,,,,,,,,,,,,,,,,,,,,,,,,,,,,,,,,,,,,,,,,,,,,,,,,,,,,,,,,,,,,,,,,,23.6797,37.955027,,,,,,,,,,,,,,,,,,,,,,,,,,,,,,,,,,,,,,,,,,,,,,,,,,,,,,,,,,,,,,,,,,,,,,,,,,,,,,,,,,,,,,,,,,,,,,,,,,,,,,,,,,,,
Feature,Piraeus (Πειραιάς),End of the ISAP line (metro line 1)<br><br><br>Τέρμα της γραμμής του ΗΣΑΠ (γραμμή 1 του μετρό),-1,Point,,,,,,,,,,,,,,,,,,,,,,,,,,,,,,,,,,,,,,,,,,,,,,,,,,,,,,,,,,,,,,,,,,,,,,,,,,,,,,,,,,,,,,,,,,,,,,,,,,,,,,,,,,,,,,,,,,,,,,,,,,,,,,,,,,,,,,,,,,,,,,,,,,,,,,,,,,,,,,,,,,,,,,,,,,,,,,,,,,,,,,,,,,,,,,,23.643265,37.948022,,,,,,,,,,,,,,,,,,,,,,,,,,,,,,,,,,,,,,,,,,,,,,,,,,,,,,,,,,,,,,,,,,,,,,,,,,,,,,,,,,,,,,,,,,,,,,,,,,,,,,,,,,,,
Feature,Anthoupoli (Ανθούπολη),End of the metro line 2<br>Τέρμα της γραμμής 2 του μετρό,-1,Point,,,,,,,,,,,,,,,,,,,,,,,,,,,,,,,,,,,,,,,,,,,,,,,,,,,,,,,,,,,,,,,,,,,,,,,,,,,,,,,,,,,,,,,,,,,,,,,,,,,,,,,,,,,,,,,,,,,,,,,,,,,,,,,,,,,,,,,,,,,,,,,,,,,,,,,,,,,,,,,,,,,,,,,,,,,,,,,,,,,,,,,,,,,,,,,23.691024,38.017031,,,,,,,,,,,,,,,,,,,,,,,,,,,,,,,,,,,,,,,,,,,,,,,,,,,,,,,,,,,,,,,,,,,,,,,,,,,,,,,,,,,,,,,,,,,,,,,,,,,,,,,,,,,,
Feature,Peristeri (Περιστέρι),Station of metro line 2<br>Στάση της γραμμής 2 του μετρό,-1,Point,,,,,,,,,,,,,,,,,,,,,,,,,,,,,,,,,,,,,,,,,,,,,,,,,,,,,,,,,,,,,,,,,,,,,,,,,,,,,,,,,,,,,,,,,,,,,,,,,,,,,,,,,,,,,,,,,,,,,,,,,,,,,,,,,,,,,,,,,,,,,,,,,,,,,,,,,,,,,,,,,,,,,,,,,,,,,,,,,,,,,,,,,,,,,,,23.695782,38.012906,,,,,,,,,,,,,,,,,,,,,,,,,,,,,,,,,,,,,,,,,,,,,,,,,,,,,,,,,,,,,,,,,,,,,,,,,,,,,,,,,,,,,,,,,,,,,,,,,,,,,,,,,,,,
Feature,Agios Antonios (Άγιος Αντώνιος),Station of metro line 2<br>Στάση της γραμμής 2 του μετρό,-1,Point,,,,,,,,,,,,,,,,,,,,,,,,,,,,,,,,,,,,,,,,,,,,,,,,,,,,,,,,,,,,,,,,,,,,,,,,,,,,,,,,,,,,,,,,,,,,,,,,,,,,,,,,,,,,,,,,,,,,,,,,,,,,,,,,,,,,,,,,,,,,,,,,,,,,,,,,,,,,,,,,,,,,,,,,,,,,,,,,,,,,,,,,,,,,,,,23.699741,38.006173,,,,,,,,,,,,,,,,,,,,,,,,,,,,,,,,,,,,,,,,,,,,,,,,,,,,,,,,,,,,,,,,,,,,,,,,,,,,,,,,,,,,,,,,,,,,,,,,,,,,,,,,,,,,
Feature,Sepolia (Σεπόλια),Station of metro line 2<br>Στάση της γραμμής 2 του μετρό,-1,Point,,,,,,,,,,,,,,,,,,,,,,,,,,,,,,,,,,,,,,,,,,,,,,,,,,,,,,,,,,,,,,,,,,,,,,,,,,,,,,,,,,,,,,,,,,,,,,,,,,,,,,,,,,,,,,,,,,,,,,,,,,,,,,,,,,,,,,,,,,,,,,,,,,,,,,,,,,,,,,,,,,,,,,,,,,,,,,,,,,,,,,,,,,,,,,,23.713431,38.002859,,,,,,,,,,,,,,,,,,,,,,,,,,,,,,,,,,,,,,,,,,,,,,,,,,,,,,,,,,,,,,,,,,,,,,,,,,,,,,,,,,,,,,,,,,,,,,,,,,,,,,,,,,,,
Feature,Larissa Station (Σταθμός Λαρίσης),Station of metro line 2<br>Στάση της γραμμής 2 του μετρό,-1,Point,,,,,,,,,,,,,,,,,,,,,,,,,,,,,,,,,,,,,,,,,,,,,,,,,,,,,,,,,,,,,,,,,,,,,,,,,,,,,,,,,,,,,,,,,,,,,,,,,,,,,,,,,,,,,,,,,,,,,,,,,,,,,,,,,,,,,,,,,,,,,,,,,,,,,,,,,,,,,,,,,,,,,,,,,,,,,,,,,,,,,,,,,,,,,,,23.72107,37.992113,,,,,,,,,,,,,,,,,,,,,,,,,,,,,,,,,,,,,,,,,,,,,,,,,,,,,,,,,,,,,,,,,,,,,,,,,,,,,,,,,,,,,,,,,,,,,,,,,,,,,,,,,,,,
Feature,Metaxourghio (Μεταξουργείο)),Station of metro line 2<br>Στάση της γραμμής 2 του μετρό,-1,Point,,,,,,,,,,,,,,,,,,,,,,,,,,,,,,,,,,,,,,,,,,,,,,,,,,,,,,,,,,,,,,,,,,,,,,,,,,,,,,,,,,,,,,,,,,,,,,,,,,,,,,,,,,,,,,,,,,,,,,,,,,,,,,,,,,,,,,,,,,,,,,,,,,,,,,,,,,,,,,,,,,,,,,,,,,,,,,,,,,,,,,,,,,,,,,,23.721199,37.986185,,,,,,,,,,,,,,,,,,,,,,,,,,,,,,,,,,,,,,,,,,,,,,,,,,,,,,,,,,,,,,,,,,,,,,,,,,,,,,,,,,,,,,,,,,,,,,,,,,,,,,,,,,,,
Feature,Panepistimio (Πανεπιστήμιο),Station of metro line 2<br>Στάση της γραμμής 2 του μετρό,-1,Point,,,,,,,,,,,,,,,,,,,,,,,,,,,,,,,,,,,,,,,,,,,,,,,,,,,,,,,,,,,,,,,,,,,,,,,,,,,,,,,,,,,,,,,,,,,,,,,,,,,,,,,,,,,,,,,,,,,,,,,,,,,,,,,,,,,,,,,,,,,,,,,,,,,,,,,,,,,,,,,,,,,,,,,,,,,,,,,,,,,,,,,,,,,,,,,23.732743,37.980046,,,,,,,,,,,,,,,,,,,,,,,,,,,,,,,,,,,,,,,,,,,,,,,,,,,,,,,,,,,,,,,,,,,,,,,,,,,,,,,,,,,,,,,,,,,,,,,,,,,,,,,,,,,,
Feature,Akropoli (Ακρόπολη),Station of metro line 2<br>Στάση της γραμμής 2 του μετρό,-1,Point,,,,,,,,,,,,,,,,,,,,,,,,,,,,,,,,,,,,,,,,,,,,,,,,,,,,,,,,,,,,,,,,,,,,,,,,,,,,,,,,,,,,,,,,,,,,,,,,,,,,,,,,,,,,,,,,,,,,,,,,,,,,,,,,,,,,,,,,,,,,,,,,,,,,,,,,,,,,,,,,,,,,,,,,,,,,,,,,,,,,,,,,,,,,,,,23.729482,37.968425,,,,,,,,,,,,,,,,,,,,,,,,,,,,,,,,,,,,,,,,,,,,,,,,,,,,,,,,,,,,,,,,,,,,,,,,,,,,,,,,,,,,,,,,,,,,,,,,,,,,,,,,,,,,
Feature,Agios Ioannis (Άγιος Ιωάννης),Station of metro line 2<br>Στάση της γραμμής 2 του μετρό,-1,Point,,,,,,,,,,,,,,,,,,,,,,,,,,,,,,,,,,,,,,,,,,,,,,,,,,,,,,,,,,,,,,,,,,,,,,,,,,,,,,,,,,,,,,,,,,,,,,,,,,,,,,,,,,,,,,,,,,,,,,,,,,,,,,,,,,,,,,,,,,,,,,,,,,,,,,,,,,,,,,,,,,,,,,,,,,,,,,,,,,,,,,,,,,,,,,,23.734674,37.956507,,,,,,,,,,,,,,,,,,,,,,,,,,,,,,,,,,,,,,,,,,,,,,,,,,,,,,,,,,,,,,,,,,,,,,,,,,,,,,,,,,,,,,,,,,,,,,,,,,,,,,,,,,,,
Feature,Dafni (Δάφνη),Station of metro line 2<br>Στάση της γραμμής 2 του μετρό,-1,Point,,,,,,,,,,,,,,,,,,,,,,,,,,,,,,,,,,,,,,,,,,,,,,,,,,,,,,,,,,,,,,,,,,,,,,,,,,,,,,,,,,,,,,,,,,,,,,,,,,,,,,,,,,,,,,,,,,,,,,,,,,,,,,,,,,,,,,,,,,,,,,,,,,,,,,,,,,,,,,,,,,,,,,,,,,,,,,,,,,,,,,,,,,,,,,,23.737367,37.949164,,,,,,,,,,,,,,,,,,,,,,,,,,,,,,,,,,,,,,,,,,,,,,,,,,,,,,,,,,,,,,,,,,,,,,,,,,,,,,,,,,,,,,,,,,,,,,,,,,,,,,,,,,,,
Feature,Agios Dimitrios (Άγιος Δημήτριος),End of the metro line 2<br>Τέρμα της γραμμής 2 του μετρό,-1,Point,,,,,,,,,,,,,,,,,,,,,,,,,,,,,,,,,,,,,,,,,,,,,,,,,,,,,,,,,,,,,,,,,,,,,,,,,,,,,,,,,,,,,,,,,,,,,,,,,,,,,,,,,,,,,,,,,,,,,,,,,,,,,,,,,,,,,,,,,,,,,,,,,,,,,,,,,,,,,,,,,,,,,,,,,,,,,,,,,,,,,,,,,,,,,,,23.740629,37.940415,,,,,,,,,,,,,,,,,,,,,,,,,,,,,,,,,,,,,,,,,,,,,,,,,,,,,,,,,,,,,,,,,,,,,,,,,,,,,,,,,,,,,,,,,,,,,,,,,,,,,,,,,,,,
Feature,Ilioupoli,Spring 2010 - Άνοιξη 2010,-1,Point,,,,,,,,,,,,,,,,,,,,,,,,,,,,,,,,,,,,,,,,,,,,,,,,,,,,,,,,,,,,,,,,,,,,,,,,,,,,,,,,,,,,,,,,,,,,,,,,,,,,,,,,,,,,,,,,,,,,,,,,,,,,,,,,,,,,,,,,,,,,,,,,,,,,,,,,,,,,,,,,,,,,,,,,,,,,,,,,,,,,,,,,,,,,,,,23.744717,37.929394,,,,,,,,,,,,,,,,,,,,,,,,,,,,,,,,,,,,,,,,,,,,,,,,,,,,,,,,,,,,,,,,,,,,,,,,,,,,,,,,,,,,,,,,,,,,,,,,,,,,,,,,,,,,
Feature,Alimos,Spring 2010 - Άνοιξη 2010,-1,Point,,,,,,,,,,,,,,,,,,,,,,,,,,,,,,,,,,,,,,,,,,,,,,,,,,,,,,,,,,,,,,,,,,,,,,,,,,,,,,,,,,,,,,,,,,,,,,,,,,,,,,,,,,,,,,,,,,,,,,,,,,,,,,,,,,,,,,,,,,,,,,,,,,,,,,,,,,,,,,,,,,,,,,,,,,,,,,,,,,,,,,,,,,,,,,,23.744084,37.918231,,,,,,,,,,,,,,,,,,,,,,,,,,,,,,,,,,,,,,,,,,,,,,,,,,,,,,,,,,,,,,,,,,,,,,,,,,,,,,,,,,,,,,,,,,,,,,,,,,,,,,,,,,,,
Feature,Argyroupoli,Spring 2010 - Άνοιξη 2010,-1,Point,,,,,,,,,,,,,,,,,,,,,,,,,,,,,,,,,,,,,,,,,,,,,,,,,,,,,,,,,,,,,,,,,,,,,,,,,,,,,,,,,,,,,,,,,,,,,,,,,,,,,,,,,,,,,,,,,,,,,,,,,,,,,,,,,,,,,,,,,,,,,,,,,,,,,,,,,,,,,,,,,,,,,,,,,,,,,,,,,,,,,,,,,,,,,,,23.74558,37.902702,,,,,,,,,,,,,,,,,,,,,,,,,,,,,,,,,,,,,,,,,,,,,,,,,,,,,,,,,,,,,,,,,,,,,,,,,,,,,,,,,,,,,,,,,,,,,,,,,,,,,,,,,,,,
Feature,Elliniko,Spring 2010 - Άνοιξη 2010,-1,Point,,,,,,,,,,,,,,,,,,,,,,,,,,,,,,,,,,,,,,,,,,,,,,,,,,,,,,,,,,,,,,,,,,,,,,,,,,,,,,,,,,,,,,,,,,,,,,,,,,,,,,,,,,,,,,,,,,,,,,,,,,,,,,,,,,,,,,,,,,,,,,,,,,,,,,,,,,,,,,,,,,,,,,,,,,,,,,,,,,,,,,,,,,,,,,,23.747088,37.892665,,,,,,,,,,,,,,,,,,,,,,,,,,,,,,,,,,,,,,,,,,,,,,,,,,,,,,,,,,,,,,,,,,,,,,,,,,,,,,,,,,,,,,,,,,,,,,,,,,,,,,,,,,,,
Feature,Evangelistria,,-1,Point,,,,,,,,,,,,,,,,,,,,,,,,,,,,,,,,,,,,,,,,,,,,,,,,,,,,,,,,,,,,,,,,,,,,,,,,,,,,,,,,,,,,,,,,,,,,,,,,,,,,,,,,,,,,,,,,,,,,,,,,,,,,,,,,,,,,,,,,,,,,,,,,,,,,,,,,,,,,,,,,,,,,,,,,,,,,,,,,,,,,,,,,,,,,,,,23.653371,37.944612,,,,,,,,,,,,,,,,,,,,,,,,,,,,,,,,,,,,,,,,,,,,,,,,,,,,,,,,,,,,,,,,,,,,,,,,,,,,,,,,,,,,,,,,,,,,,,,,,,,,,,,,,,,,
Feature,Dimotiko Theatro,,-1,Point,,,,,,,,,,,,,,,,,,,,,,,,,,,,,,,,,,,,,,,,,,,,,,,,,,,,,,,,,,,,,,,,,,,,,,,,,,,,,,,,,,,,,,,,,,,,,,,,,,,,,,,,,,,,,,,,,,,,,,,,,,,,,,,,,,,,,,,,,,,,,,,,,,,,,,,,,,,,,,,,,,,,,,,,,,,,,,,,,,,,,,,,,,,,,,,23.647052,37.94292,,,,,,,,,,,,,,,,,,,,,,,,,,,,,,,,,,,,,,,,,,,,,,,,,,,,,,,,,,,,,,,,,,,,,,,,,,,,,,,,,,,,,,,,,,,,,,,,,,,,,,,,,,,,
Feature,Piraeus (Πειραιάς),,-1,Point,,,,,,,,,,,,,,,,,,,,,,,,,,,,,,,,,,,,,,,,,,,,,,,,,,,,,,,,,,,,,,,,,,,,,,,,,,,,,,,,,,,,,,,,,,,,,,,,,,,,,,,,,,,,,,,,,,,,,,,,,,,,,,,,,,,,,,,,,,,,,,,,,,,,,,,,,,,,,,,,,,,,,,,,,,,,,,,,,,,,,,,,,,,,,,,23.642374,37.948123,,,,,,,,,,,,,,,,,,,,,,,,,,,,,,,,,,,,,,,,,,,,,,,,,,,,,,,,,,,,,,,,,,,,,,,,,,,,,,,,,,,,,,,,,,,,,,,,,,,,,,,,,,,,
Feature,Maniatika,,-1,Point,,,,,,,,,,,,,,,,,,,,,,,,,,,,,,,,,,,,,,,,,,,,,,,,,,,,,,,,,,,,,,,,,,,,,,,,,,,,,,,,,,,,,,,,,,,,,,,,,,,,,,,,,,,,,,,,,,,,,,,,,,,,,,,,,,,,,,,,,,,,,,,,,,,,,,,,,,,,,,,,,,,,,,,,,,,,,,,,,,,,,,,,,,,,,,,23.641098,37.957954,,,,,,,,,,,,,,,,,,,,,,,,,,,,,,,,,,,,,,,,,,,,,,,,,,,,,,,,,,,,,,,,,,,,,,,,,,,,,,,,,,,,,,,,,,,,,,,,,,,,,,,,,,,,
Feature,Nikea,,-1,Point,,,,,,,,,,,,,,,,,,,,,,,,,,,,,,,,,,,,,,,,,,,,,,,,,,,,,,,,,,,,,,,,,,,,,,,,,,,,,,,,,,,,,,,,,,,,,,,,,,,,,,,,,,,,,,,,,,,,,,,,,,,,,,,,,,,,,,,,,,,,,,,,,,,,,,,,,,,,,,,,,,,,,,,,,,,,,,,,,,,,,,,,,,,,,,,23.647352,37.965668,,,,,,,,,,,,,,,,,,,,,,,,,,,,,,,,,,,,,,,,,,,,,,,,,,,,,,,,,,,,,,,,,,,,,,,,,,,,,,,,,,,,,,,,,,,,,,,,,,,,,,,,,,,,
Feature,Korydallos,,-1,Point,,,,,,,,,,,,,,,,,,,,,,,,,,,,,,,,,,,,,,,,,,,,,,,,,,,,,,,,,,,,,,,,,,,,,,,,,,,,,,,,,,,,,,,,,,,,,,,,,,,,,,,,,,,,,,,,,,,,,,,,,,,,,,,,,,,,,,,,,,,,,,,,,,,,,,,,,,,,,,,,,,,,,,,,,,,,,,,,,,,,,,,,,,,,,,,23.650603,37.976985,,,,,,,,,,,,,,,,,,,,,,,,,,,,,,,,,,,,,,,,,,,,,,,,,,,,,,,,,,,,,,,,,,,,,,,,,,,,,,,,,,,,,,,,,,,,,,,,,,,,,,,,,,,,
Feature,Aghia Varvara,,-1,Point,,,,,,,,,,,,,,,,,,,,,,,,,,,,,,,,,,,,,,,,,,,,,,,,,,,,,,,,,,,,,,,,,,,,,,,,,,,,,,,,,,,,,,,,,,,,,,,,,,,,,,,,,,,,,,,,,,,,,,,,,,,,,,,,,,,,,,,,,,,,,,,,,,,,,,,,,,,,,,,,,,,,,,,,,,,,,,,,,,,,,,,,,,,,,,,23.659476,37.990071,,,,,,,,,,,,,,,,,,,,,,,,,,,,,,,,,,,,,,,,,,,,,,,,,,,,,,,,,,,,,,,,,,,,,,,,,,,,,,,,,,,,,,,,,,,,,,,,,,,,,,,,,,,,
Feature,Agia Marina (Αγία Μαρίνα),End of the metro line 3<br>Τέρμα της γραμμής 3 του μετρό,-1,Point,,,,,,,,,,,,,,,,,,,,,,,,,,,,,,,,,,,,,,,,,,,,,,,,,,,,,,,,,,,,,,,,,,,,,,,,,,,,,,,,,,,,,,,,,,,,,,,,,,,,,,,,,,,,,,,,,,,,,,,,,,,,,,,,,,,,,,,,,,,,,,,,,,,,,,,,,,,,,,,,,,,,,,,,,,,,,,,,,,,,,,,,,,,,,,,23.667383,37.996839,,,,,,,,,,,,,,,,,,,,,,,,,,,,,,,,,,,,,,,,,,,,,,,,,,,,,,,,,,,,,,,,,,,,,,,,,,,,,,,,,,,,,,,,,,,,,,,,,,,,,,,,,,,,
Feature,Egaleo (Αιγάλεω),Station of metro line 3<br>Στάση της γραμμής 3 του μετρό,-1,Point,,,,,,,,,,,,,,,,,,,,,,,,,,,,,,,,,,,,,,,,,,,,,,,,,,,,,,,,,,,,,,,,,,,,,,,,,,,,,,,,,,,,,,,,,,,,,,,,,,,,,,,,,,,,,,,,,,,,,,,,,,,,,,,,,,,,,,,,,,,,,,,,,,,,,,,,,,,,,,,,,,,,,,,,,,,,,,,,,,,,,,,,,,,,,,,23.681781,37.991495,,,,,,,,,,,,,,,,,,,,,,,,,,,,,,,,,,,,,,,,,,,,,,,,,,,,,,,,,,,,,,,,,,,,,,,,,,,,,,,,,,,,,,,,,,,,,,,,,,,,,,,,,,,,
Feature,Eleonas (Ελαιώνας),Station of metro line 3<br>Στάση της γραμμής 3 του μετρό,-1,Point,,,,,,,,,,,,,,,,,,,,,,,,,,,,,,,,,,,,,,,,,,,,,,,,,,,,,,,,,,,,,,,,,,,,,,,,,,,,,,,,,,,,,,,,,,,,,,,,,,,,,,,,,,,,,,,,,,,,,,,,,,,,,,,,,,,,,,,,,,,,,,,,,,,,,,,,,,,,,,,,,,,,,,,,,,,,,,,,,,,,,,,,,,,,,,,23.694034,37.987809,,,,,,,,,,,,,,,,,,,,,,,,,,,,,,,,,,,,,,,,,,,,,,,,,,,,,,,,,,,,,,,,,,,,,,,,,,,,,,,,,,,,,,,,,,,,,,,,,,,,,,,,,,,,
Feature,Kerameikos (Κεραμεικός),Station of metro line 3<br>Στάση της γραμμής 3 του μετρό,-1,Point,,,,,,,,,,,,,,,,,,,,,,,,,,,,,,,,,,,,,,,,,,,,,,,,,,,,,,,,,,,,,,,,,,,,,,,,,,,,,,,,,,,,,,,,,,,,,,,,,,,,,,,,,,,,,,,,,,,,,,,,,,,,,,,,,,,,,,,,,,,,,,,,,,,,,,,,,,,,,,,,,,,,,,,,,,,,,,,,,,,,,,,,,,,,,,,23.711286,37.978879,,,,,,,,,,,,,,,,,,,,,,,,,,,,,,,,,,,,,,,,,,,,,,,,,,,,,,,,,,,,,,,,,,,,,,,,,,,,,,,,,,,,,,,,,,,,,,,,,,,,,,,,,,,,
Feature,Evangelismos (Ευαγγελισμός),Station of metro line 3<br>Στάση της γραμμής 3 του μετρό,-1,Point,,,,,,,,,,,,,,,,,,,,,,,,,,,,,,,,,,,,,,,,,,,,,,,,,,,,,,,,,,,,,,,,,,,,,,,,,,,,,,,,,,,,,,,,,,,,,,,,,,,,,,,,,,,,,,,,,,,,,,,,,,,,,,,,,,,,,,,,,,,,,,,,,,,,,,,,,,,,,,,,,,,,,,,,,,,,,,,,,,,,,,,,,,,,,,,23.747485,37.976257,,,,,,,,,,,,,,,,,,,,,,,,,,,,,,,,,,,,,,,,,,,,,,,,,,,,,,,,,,,,,,,,,,,,,,,,,,,,,,,,,,,,,,,,,,,,,,,,,,,,,,,,,,,,
Feature,Megaro Moussikis (Μέγαρο Μουσικής),Station of metro line 3<br>Στάση της γραμμής 3 του μετρό,-1,Point,,,,,,,,,,,,,,,,,,,,,,,,,,,,,,,,,,,,,,,,,,,,,,,,,,,,,,,,,,,,,,,,,,,,,,,,,,,,,,,,,,,,,,,,,,,,,,,,,,,,,,,,,,,,,,,,,,,,,,,,,,,,,,,,,,,,,,,,,,,,,,,,,,,,,,,,,,,,,,,,,,,,,,,,,,,,,,,,,,,,,,,,,,,,,,,23.753192,37.979149,,,,,,,,,,,,,,,,,,,,,,,,,,,,,,,,,,,,,,,,,,,,,,,,,,,,,,,,,,,,,,,,,,,,,,,,,,,,,,,,,,,,,,,,,,,,,,,,,,,,,,,,,,,,
Feature,Ambelokipi (Αμπελόκηποι),Station of metro line 3<br>Στάση της γραμμής 3 του μετρό,-1,Point,,,,,,,,,,,,,,,,,,,,,,,,,,,,,,,,,,,,,,,,,,,,,,,,,,,,,,,,,,,,,,,,,,,,,,,,,,,,,,,,,,,,,,,,,,,,,,,,,,,,,,,,,,,,,,,,,,,,,,,,,,,,,,,,,,,,,,,,,,,,,,,,,,,,,,,,,,,,,,,,,,,,,,,,,,,,,,,,,,,,,,,,,,,,,,,23.757055,37.987251,,,,,,,,,,,,,,,,,,,,,,,,,,,,,,,,,,,,,,,,,,,,,,,,,,,,,,,,,,,,,,,,,,,,,,,,,,,,,,,,,,,,,,,,,,,,,,,,,,,,,,,,,,,,
Feature,Panormou (Πανόρμου),Station of metro line 3<br>Στάση της γραμμής 3 του μετρό,-1,Point,,,,,,,,,,,,,,,,,,,,,,,,,,,,,,,,,,,,,,,,,,,,,,,,,,,,,,,,,,,,,,,,,,,,,,,,,,,,,,,,,,,,,,,,,,,,,,,,,,,,,,,,,,,,,,,,,,,,,,,,,,,,,,,,,,,,,,,,,,,,,,,,,,,,,,,,,,,,,,,,,,,,,,,,,,,,,,,,,,,,,,,,,,,,,,,23.76332,37.993034,,,,,,,,,,,,,,,,,,,,,,,,,,,,,,,,,,,,,,,,,,,,,,,,,,,,,,,,,,,,,,,,,,,,,,,,,,,,,,,,,,,,,,,,,,,,,,,,,,,,,,,,,,,,
Feature,Katehaki (Κατεχάκη),Station of metro line 3<br>Στάση της γραμμής 3 του μετρό,-1,Point,,,,,,,,,,,,,,,,,,,,,,,,,,,,,,,,,,,,,,,,,,,,,,,,,,,,,,,,,,,,,,,,,,,,,,,,,,,,,,,,,,,,,,,,,,,,,,,,,,,,,,,,,,,,,,,,,,,,,,,,,,,,,,,,,,,,,,,,,,,,,,,,,,,,,,,,,,,,,,,,,,,,,,,,,,,,,,,,,,,,,,,,,,,,,,,23.776367,37.992899,,,,,,,,,,,,,,,,,,,,,,,,,,,,,,,,,,,,,,,,,,,,,,,,,,,,,,,,,,,,,,,,,,,,,,,,,,,,,,,,,,,,,,,,,,,,,,,,,,,,,,,,,,,,
Feature,Ethniki Amyna (Εθνική Άμυνα‎),Station of metro line 3<br>Στάση της γραμμής 3 του μετρό,-1,Point,,,,,,,,,,,,,,,,,,,,,,,,,,,,,,,,,,,,,,,,,,,,,,,,,,,,,,,,,,,,,,,,,,,,,,,,,,,,,,,,,,,,,,,,,,,,,,,,,,,,,,,,,,,,,,,,,,,,,,,,,,,,,,,,,,,,,,,,,,,,,,,,,,,,,,,,,,,,,,,,,,,,,,,,,,,,,,,,,,,,,,,,,,,,,,,23.785229,37.999173,,,,,,,,,,,,,,,,,,,,,,,,,,,,,,,,,,,,,,,,,,,,,,,,,,,,,,,,,,,,,,,,,,,,,,,,,,,,,,,,,,,,,,,,,,,,,,,,,,,,,,,,,,,,
Feature,Holargos (Χολαργός),Station of metro line 3<br>Στάση της γραμμής 3 του μετρό,-1,Point,,,,,,,,,,,,,,,,,,,,,,,,,,,,,,,,,,,,,,,,,,,,,,,,,,,,,,,,,,,,,,,,,,,,,,,,,,,,,,,,,,,,,,,,,,,,,,,,,,,,,,,,,,,,,,,,,,,,,,,,,,,,,,,,,,,,,,,,,,,,,,,,,,,,,,,,,,,,,,,,,,,,,,,,,,,,,,,,,,,,,,,,,,,,,,,23.794338,38.004676,,,,,,,,,,,,,,,,,,,,,,,,,,,,,,,,,,,,,,,,,,,,,,,,,,,,,,,,,,,,,,,,,,,,,,,,,,,,,,,,,,,,,,,,,,,,,,,,,,,,,,,,,,,,
Feature,Nomismatokopio (Νομισματοκοπείο),Station of metro line 3<br>Στάση της γραμμής 3 του μετρό,-1,Point,,,,,,,,,,,,,,,,,,,,,,,,,,,,,,,,,,,,,,,,,,,,,,,,,,,,,,,,,,,,,,,,,,,,,,,,,,,,,,,,,,,,,,,,,,,,,,,,,,,,,,,,,,,,,,,,,,,,,,,,,,,,,,,,,,,,,,,,,,,,,,,,,,,,,,,,,,,,,,,,,,,,,,,,,,,,,,,,,,,,,,,,,,,,,,,23.80615,38.009672,,,,,,,,,,,,,,,,,,,,,,,,,,,,,,,,,,,,,,,,,,,,,,,,,,,,,,,,,,,,,,,,,,,,,,,,,,,,,,,,,,,,,,,,,,,,,,,,,,,,,,,,,,,,
Feature,Aghia Paraskevi (Αγιά Παρασκευή),Station of metro line 3<br>Στάση της γραμμής 3 του μετρό,-1,Point,,,,,,,,,,,,,,,,,,,,,,,,,,,,,,,,,,,,,,,,,,,,,,,,,,,,,,,,,,,,,,,,,,,,,,,,,,,,,,,,,,,,,,,,,,,,,,,,,,,,,,,,,,,,,,,,,,,,,,,,,,,,,,,,,,,,,,,,,,,,,,,,,,,,,,,,,,,,,,,,,,,,,,,,,,,,,,,,,,,,,,,,,,,,,,,23.81263,38.017229,,,,,,,,,,,,,,,,,,,,,,,,,,,,,,,,,,,,,,,,,,,,,,,,,,,,,,,,,,,,,,,,,,,,,,,,,,,,,,,,,,,,,,,,,,,,,,,,,,,,,,,,,,,,
Feature,Halandri (Χαλάνδρι),Station of metro line 3<br>Στάση της γραμμής 3 του μετρό,-1,Point,,,,,,,,,,,,,,,,,,,,,,,,,,,,,,,,,,,,,,,,,,,,,,,,,,,,,,,,,,,,,,,,,,,,,,,,,,,,,,,,,,,,,,,,,,,,,,,,,,,,,,,,,,,,,,,,,,,,,,,,,,,,,,,,,,,,,,,,,,,,,,,,,,,,,,,,,,,,,,,,,,,,,,,,,,,,,,,,,,,,,,,,,,,,,,,23.821058,38.021836,,,,,,,,,,,,,,,,,,,,,,,,,,,,,,,,,,,,,,,,,,,,,,,,,,,,,,,,,,,,,,,,,,,,,,,,,,,,,,,,,,,,,,,,,,,,,,,,,,,,,,,,,,,,
Feature,Doukissis Plakentias (Δουκίσσης Πλακεντίας),Station of metro line 3<br>Στάση της γραμμής 3 του μετρό,-1,Point,,,,,,,,,,,,,,,,,,,,,,,,,,,,,,,,,,,,,,,,,,,,,,,,,,,,,,,,,,,,,,,,,,,,,,,,,,,,,,,,,,,,,,,,,,,,,,,,,,,,,,,,,,,,,,,,,,,,,,,,,,,,,,,,,,,,,,,,,,,,,,,,,,,,,,,,,,,,,,,,,,,,,,,,,,,,,,,,,,,,,,,,,,,,,,,23.832521,38.023923,,,,,,,,,,,,,,,,,,,,,,,,,,,,,,,,,,,,,,,,,,,,,,,,,,,,,,,,,,,,,,,,,,,,,,,,,,,,,,,,,,,,,,,,,,,,,,,,,,,,,,,,,,,,
Feature,Pallini (Παλλήνη),Station of metro line 3<br>Στάση της γραμμής 3 του μετρό,-1,Point,,,,,,,,,,,,,,,,,,,,,,,,,,,,,,,,,,,,,,,,,,,,,,,,,,,,,,,,,,,,,,,,,,,,,,,,,,,,,,,,,,,,,,,,,,,,,,,,,,,,,,,,,,,,,,,,,,,,,,,,,,,,,,,,,,,,,,,,,,,,,,,,,,,,,,,,,,,,,,,,,,,,,,,,,,,,,,,,,,,,,,,,,,,,,,,23.869793,38.005243,,,,,,,,,,,,,,,,,,,,,,,,,,,,,,,,,,,,,,,,,,,,,,,,,,,,,,,,,,,,,,,,,,,,,,,,,,,,,,,,,,,,,,,,,,,,,,,,,,,,,,,,,,,,
Feature,Peania-Katza (Παιανία-Κάτζα),Station of metro line 3<br>Στάση της γραμμής 3 του μετρό,-1,Point,,,,,,,,,,,,,,,,,,,,,,,,,,,,,,,,,,,,,,,,,,,,,,,,,,,,,,,,,,,,,,,,,,,,,,,,,,,,,,,,,,,,,,,,,,,,,,,,,,,,,,,,,,,,,,,,,,,,,,,,,,,,,,,,,,,,,,,,,,,,,,,,,,,,,,,,,,,,,,,,,,,,,,,,,,,,,,,,,,,,,,,,,,,,,,,23.870029,37.984097,,,,,,,,,,,,,,,,,,,,,,,,,,,,,,,,,,,,,,,,,,,,,,,,,,,,,,,,,,,,,,,,,,,,,,,,,,,,,,,,,,,,,,,,,,,,,,,,,,,,,,,,,,,,
Feature,Koropi (Κορωπί),Station of metro line 3<br>Στάση της γραμμής 3 του μετρό,-1,Point,,,,,,,,,,,,,,,,,,,,,,,,,,,,,,,,,,,,,,,,,,,,,,,,,,,,,,,,,,,,,,,,,,,,,,,,,,,,,,,,,,,,,,,,,,,,,,,,,,,,,,,,,,,,,,,,,,,,,,,,,,,,,,,,,,,,,,,,,,,,,,,,,,,,,,,,,,,,,,,,,,,,,,,,,,,,,,,,,,,,,,,,,,,,,,,23.895714,37.913123,,,,,,,,,,,,,,,,,,,,,,,,,,,,,,,,,,,,,,,,,,,,,,,,,,,,,,,,,,,,,,,,,,,,,,,,,,,,,,,,,,,,,,,,,,,,,,,,,,,,,,,,,,,,
Feature,Eleftherios Venizelos Airport (Αεροδρόμιο Ελευθέριος Βενιζέλος),End of the metro line 3<br>Τέρμα της γραμμής 3 του μετρό,-1,Point,,,,,,,,,,,,,,,,,,,,,,,,,,,,,,,,,,,,,,,,,,,,,,,,,,,,,,,,,,,,,,,,,,,,,,,,,,,,,,,,,,,,,,,,,,,,,,,,,,,,,,,,,,,,,,,,,,,,,,,,,,,,,,,,,,,,,,,,,,,,,,,,,,,,,,,,,,,,,,,,,,,,,,,,,,,,,,,,,,,,,,,,,,,,,,,23.944445,37.936498,,,,,,,,,,,,,,,,,,,,,,,,,,,,,,,,,,,,,,,,,,,,,,,,,,,,,,,,,,,,,,,,,,,,,,,,,,,,,,,,,,,,,,,,,,,,,,,,,,,,,,,,,,,,
Feature,Zappio (Ζάππειο),Tram station of lines 4 and 5<br>Στάση των γραμμών 4 και 5 του τραμ,-1,Point,,,,,,,,,,,,,,,,,,,,,,,,,,,,,,,,,,,,,,,,,,,,,,,,,,,,,,,,,,,,,,,,,,,,,,,,,,,,,,,,,,,,,,,,,,,,,,,,,,,,,,,,,,,,,,,,,,,,,,,,,,,,,,,,,,,,,,,,,,,,,,,,,,,,,,,,,,,,,,,,,,,,,,,,,,,,,,,,,,,,,,,,,,,,,,,23.737893,37.968865,,,,,,,,,,,,,,,,,,,,,,,,,,,,,,,,,,,,,,,,,,,,,,,,,,,,,,,,,,,,,,,,,,,,,,,,,,,,,,,,,,,,,,,,,,,,,,,,,,,,,,,,,,,,
Feature,L. Vouliagmenis (Λ. Βουλιαγμένης),Tram station of lines 4 and 5<br>Στάση των γραμμών 4 και 5 του τραμ,-1,Point,,,,,,,,,,,,,,,,,,,,,,,,,,,,,,,,,,,,,,,,,,,,,,,,,,,,,,,,,,,,,,,,,,,,,,,,,,,,,,,,,,,,,,,,,,,,,,,,,,,,,,,,,,,,,,,,,,,,,,,,,,,,,,,,,,,,,,,,,,,,,,,,,,,,,,,,,,,,,,,,,,,,,,,,,,,,,,,,,,,,,,,,,,,,,,,23.731735,37.96662,,,,,,,,,,,,,,,,,,,,,,,,,,,,,,,,,,,,,,,,,,,,,,,,,,,,,,,,,,,,,,,,,,,,,,,,,,,,,,,,,,,,,,,,,,,,,,,,,,,,,,,,,,,,
Feature,Kasomouli (Κασομούλη),Tram station of lines 4 and 5<br>Στάση των γραμμών 4 και 5 του τραμ,-1,Point,,,,,,,,,,,,,,,,,,,,,,,,,,,,,,,,,,,,,,,,,,,,,,,,,,,,,,,,,,,,,,,,,,,,,,,,,,,,,,,,,,,,,,,,,,,,,,,,,,,,,,,,,,,,,,,,,,,,,,,,,,,,,,,,,,,,,,,,,,,,,,,,,,,,,,,,,,,,,,,,,,,,,,,,,,,,,,,,,,,,,,,,,,,,,,,23.723495,37.960441,,,,,,,,,,,,,,,,,,,,,,,,,,,,,,,,,,,,,,,,,,,,,,,,,,,,,,,,,,,,,,,,,,,,,,,,,,,,,,,,,,,,,,,,,,,,,,,,,,,,,,,,,,,,
Feature,Baknana (Μπακνανά),Tram station of lines 4 and 5<br>Στάση των γραμμών 4 και 5 του τραμ,-1,Point,,,,,,,,,,,,,,,,,,,,,,,,,,,,,,,,,,,,,,,,,,,,,,,,,,,,,,,,,,,,,,,,,,,,,,,,,,,,,,,,,,,,,,,,,,,,,,,,,,,,,,,,,,,,,,,,,,,,,,,,,,,,,,,,,,,,,,,,,,,,,,,,,,,,,,,,,,,,,,,,,,,,,,,,,,,,,,,,,,,,,,,,,,,,,,,23.723431,37.954147,,,,,,,,,,,,,,,,,,,,,,,,,,,,,,,,,,,,,,,,,,,,,,,,,,,,,,,,,,,,,,,,,,,,,,,,,,,,,,,,,,,,,,,,,,,,,,,,,,,,,,,,,,,,
Feature,Aegeou (Αιγαίου),Tram station of lines 4 and 5<br>Στάση των γραμμών 4 και 5 του τραμ,-1,Point,,,,,,,,,,,,,,,,,,,,,,,,,,,,,,,,,,,,,,,,,,,,,,,,,,,,,,,,,,,,,,,,,,,,,,,,,,,,,,,,,,,,,,,,,,,,,,,,,,,,,,,,,,,,,,,,,,,,,,,,,,,,,,,,,,,,,,,,,,,,,,,,,,,,,,,,,,,,,,,,,,,,,,,,,,,,,,,,,,,,,,,,,,,,,,,23.718769,37.949959,,,,,,,,,,,,,,,,,,,,,,,,,,,,,,,,,,,,,,,,,,,,,,,,,,,,,,,,,,,,,,,,,,,,,,,,,,,,,,,,,,,,,,,,,,,,,,,,,,,,,,,,,,,,
Feature,Agias Fotinis (Platia) [Αγίας Φωτεινής (Πλατεία)],Tram station of lines 4 and 5<br>Στάση των γραμμών 4 και 5 του τραμ,-1,Point,,,,,,,,,,,,,,,,,,,,,,,,,,,,,,,,,,,,,,,,,,,,,,,,,,,,,,,,,,,,,,,,,,,,,,,,,,,,,,,,,,,,,,,,,,,,,,,,,,,,,,,,,,,,,,,,,,,,,,,,,,,,,,,,,,,,,,,,,,,,,,,,,,,,,,,,,,,,,,,,,,,,,,,,,,,,,,,,,,,,,,,,,,,,,,,23.715068,37.946668,,,,,,,,,,,,,,,,,,,,,,,,,,,,,,,,,,,,,,,,,,,,,,,,,,,,,,,,,,,,,,,,,,,,,,,,,,,,,,,,,,,,,,,,,,,,,,,,,,,,,,,,,,,,
Feature,Megalou Alexandrou (Μεγάλου Αλεξάνδρου),Tram station of lines 4 and 5<br>Στάση των γραμμών 4 και 5 του τραμ,-1,Point,,,,,,,,,,,,,,,,,,,,,,,,,,,,,,,,,,,,,,,,,,,,,,,,,,,,,,,,,,,,,,,,,,,,,,,,,,,,,,,,,,,,,,,,,,,,,,,,,,,,,,,,,,,,,,,,,,,,,,,,,,,,,,,,,,,,,,,,,,,,,,,,,,,,,,,,,,,,,,,,,,,,,,,,,,,,,,,,,,,,,,,,,,,,,,,23.713791,37.942594,,,,,,,,,,,,,,,,,,,,,,,,,,,,,,,,,,,,,,,,,,,,,,,,,,,,,,,,,,,,,,,,,,,,,,,,,,,,,,,,,,,,,,,,,,,,,,,,,,,,,,,,,,,,
Feature,Agia Paraskevi (Αγία Παρασκευή),Tram station of lines 4 and 5<br>Στάση των γραμμών 4 και 5 του τραμ,-1,Point,,,,,,,,,,,,,,,,,,,,,,,,,,,,,,,,,,,,,,,,,,,,,,,,,,,,,,,,,,,,,,,,,,,,,,,,,,,,,,,,,,,,,,,,,,,,,,,,,,,,,,,,,,,,,,,,,,,,,,,,,,,,,,,,,,,,,,,,,,,,,,,,,,,,,,,,,,,,,,,,,,,,,,,,,,,,,,,,,,,,,,,,,,,,,,,23.713018,37.940107,,,,,,,,,,,,,,,,,,,,,,,,,,,,,,,,,,,,,,,,,,,,,,,,,,,,,,,,,,,,,,,,,,,,,,,,,,,,,,,,,,,,,,,,,,,,,,,,,,,,,,,,,,,,
Feature,Medeas Mykalis (Μηδείας Μυκάλης),Tram station of lines 4 and 5<br>Στάση των γραμμών 4 και 5 του τραμ,-1,Point,,,,,,,,,,,,,,,,,,,,,,,,,,,,,,,,,,,,,,,,,,,,,,,,,,,,,,,,,,,,,,,,,,,,,,,,,,,,,,,,,,,,,,,,,,,,,,,,,,,,,,,,,,,,,,,,,,,,,,,,,,,,,,,,,,,,,,,,,,,,,,,,,,,,,,,,,,,,,,,,,,,,,,,,,,,,,,,,,,,,,,,,,,,,,,,23.712069,37.937065,,,,,,,,,,,,,,,,,,,,,,,,,,,,,,,,,,,,,,,,,,,,,,,,,,,,,,,,,,,,,,,,,,,,,,,,,,,,,,,,,,,,,,,,,,,,,,,,,,,,,,,,,,,,
Feature,Evangeliki Scholi (Ευαγγελική Σχολή),Tram station of lines 4 and 5<br>Στάση των γραμμών 4 και 5 του τραμ,-1,Point,,,,,,,,,,,,,,,,,,,,,,,,,,,,,,,,,,,,,,,,,,,,,,,,,,,,,,,,,,,,,,,,,,,,,,,,,,,,,,,,,,,,,,,,,,,,,,,,,,,,,,,,,,,,,,,,,,,,,,,,,,,,,,,,,,,,,,,,,,,,,,,,,,,,,,,,,,,,,,,,,,,,,,,,,,,,,,,,,,,,,,,,,,,,,,,23.71084,37.933164,,,,,,,,,,,,,,,,,,,,,,,,,,,,,,,,,,,,,,,,,,,,,,,,,,,,,,,,,,,,,,,,,,,,,,,,,,,,,,,,,,,,,,,,,,,,,,,,,,,,,,,,,,,,
Feature,Achilleos (Αχιλλέως),Tram station of lines 4 and 5<br>Στάση των γραμμών 4 και 5 του τραμ,-1,Point,,,,,,,,,,,,,,,,,,,,,,,,,,,,,,,,,,,,,,,,,,,,,,,,,,,,,,,,,,,,,,,,,,,,,,,,,,,,,,,,,,,,,,,,,,,,,,,,,,,,,,,,,,,,,,,,,,,,,,,,,,,,,,,,,,,,,,,,,,,,,,,,,,,,,,,,,,,,,,,,,,,,,,,,,,,,,,,,,,,,,,,,,,,,,,,23.70988,37.93005,,,,,,,,,,,,,,,,,,,,,,,,,,,,,,,,,,,,,,,,,,,,,,,,,,,,,,,,,,,,,,,,,,,,,,,,,,,,,,,,,,,,,,,,,,,,,,,,,,,,,,,,,,,,
Feature,Amfitheas (Αμφιθέας),Tram station of lines 4 and 5<br>Στάση των γραμμών 4 και 5 του τραμ,-1,Point,,,,,,,,,,,,,,,,,,,,,,,,,,,,,,,,,,,,,,,,,,,,,,,,,,,,,,,,,,,,,,,,,,,,,,,,,,,,,,,,,,,,,,,,,,,,,,,,,,,,,,,,,,,,,,,,,,,,,,,,,,,,,,,,,,,,,,,,,,,,,,,,,,,,,,,,,,,,,,,,,,,,,,,,,,,,,,,,,,,,,,,,,,,,,,,23.705508,37.928196,,,,,,,,,,,,,,,,,,,,,,,,,,,,,,,,,,,,,,,,,,,,,,,,,,,,,,,,,,,,,,,,,,,,,,,,,,,,,,,,,,,,,,,,,,,,,,,,,,,,,,,,,,,,
Feature,Panagitsa (Παναγίτσα),Tram station of lines 4 and 5<br>Στάση των γραμμών 4 και 5 του τραμ,-1,Point,,,,,,,,,,,,,,,,,,,,,,,,,,,,,,,,,,,,,,,,,,,,,,,,,,,,,,,,,,,,,,,,,,,,,,,,,,,,,,,,,,,,,,,,,,,,,,,,,,,,,,,,,,,,,,,,,,,,,,,,,,,,,,,,,,,,,,,,,,,,,,,,,,,,,,,,,,,,,,,,,,,,,,,,,,,,,,,,,,,,,,,,,,,,,,,23.70186,37.925238,,,,,,,,,,,,,,,,,,,,,,,,,,,,,,,,,,,,,,,,,,,,,,,,,,,,,,,,,,,,,,,,,,,,,,,,,,,,,,,,,,,,,,,,,,,,,,,,,,,,,,,,,,,,
Feature,Mousson (Μουσών),Tram station of lines 4 and 5<br>Στάση των γραμμών 4 και 5 του τραμ,-1,Point,,,,,,,,,,,,,,,,,,,,,,,,,,,,,,,,,,,,,,,,,,,,,,,,,,,,,,,,,,,,,,,,,,,,,,,,,,,,,,,,,,,,,,,,,,,,,,,,,,,,,,,,,,,,,,,,,,,,,,,,,,,,,,,,,,,,,,,,,,,,,,,,,,,,,,,,,,,,,,,,,,,,,,,,,,,,,,,,,,,,,,,,,,,,,,,23.699725,37.921946,,,,,,,,,,,,,,,,,,,,,,,,,,,,,,,,,,,,,,,,,,,,,,,,,,,,,,,,,,,,,,,,,,,,,,,,,,,,,,,,,,,,,,,,,,,,,,,,,,,,,,,,,,,,
Feature,Edem (Έδεμ),Tram station of lines 3 and 5<br>Στάση των γραμμών 3 και 5 του τραμ,-1,Point,,,,,,,,,,,,,,,,,,,,,,,,,,,,,,,,,,,,,,,,,,,,,,,,,,,,,,,,,,,,,,,,,,,,,,,,,,,,,,,,,,,,,,,,,,,,,,,,,,,,,,,,,,,,,,,,,,,,,,,,,,,,,,,,,,,,,,,,,,,,,,,,,,,,,,,,,,,,,,,,,,,,,,,,,,,,,,,,,,,,,,,,,,,,,,,23.700616,37.918861,,,,,,,,,,,,,,,,,,,,,,,,,,,,,,,,,,,,,,,,,,,,,,,,,,,,,,,,,,,,,,,,,,,,,,,,,,,,,,,,,,,,,,,,,,,,,,,,,,,,,,,,,,,,
Feature,Pikrodafni (Πικροδάφνη),Tram station of lines 3 and 5<br>Στάση των γραμμών 3 και 5 του τραμ,-1,Point,,,,,,,,,,,,,,,,,,,,,,,,,,,,,,,,,,,,,,,,,,,,,,,,,,,,,,,,,,,,,,,,,,,,,,,,,,,,,,,,,,,,,,,,,,,,,,,,,,,,,,,,,,,,,,,,,,,,,,,,,,,,,,,,,,,,,,,,,,,,,,,,,,,,,,,,,,,,,,,,,,,,,,,,,,,,,,,,,,,,,,,,,,,,,,,23.705642,37.915785,,,,,,,,,,,,,,,,,,,,,,,,,,,,,,,,,,,,,,,,,,,,,,,,,,,,,,,,,,,,,,,,,,,,,,,,,,,,,,,,,,,,,,,,,,,,,,,,,,,,,,,,,,,,
Feature,Marina Alimou (Μαρίνα Αλίμου),Tram station of lines 3 and 5<br>Στάση των γραμμών 3 και 5 του τραμ,-1,Point,,,,,,,,,,,,,,,,,,,,,,,,,,,,,,,,,,,,,,,,,,,,,,,,,,,,,,,,,,,,,,,,,,,,,,,,,,,,,,,,,,,,,,,,,,,,,,,,,,,,,,,,,,,,,,,,,,,,,,,,,,,,,,,,,,,,,,,,,,,,,,,,,,,,,,,,,,,,,,,,,,,,,,,,,,,,,,,,,,,,,,,,,,,,,,,23.708711,37.912924,,,,,,,,,,,,,,,,,,,,,,,,,,,,,,,,,,,,,,,,,,,,,,,,,,,,,,,,,,,,,,,,,,,,,,,,,,,,,,,,,,,,,,,,,,,,,,,,,,,,,,,,,,,,
Feature,Kalamaki (Καλαμάκι),Tram station of lines 3 and 5<br>Στάση των γραμμών 3 και 5 του τραμ,-1,Point,,,,,,,,,,,,,,,,,,,,,,,,,,,,,,,,,,,,,,,,,,,,,,,,,,,,,,,,,,,,,,,,,,,,,,,,,,,,,,,,,,,,,,,,,,,,,,,,,,,,,,,,,,,,,,,,,,,,,,,,,,,,,,,,,,,,,,,,,,,,,,,,,,,,,,,,,,,,,,,,,,,,,,,,,,,,,,,,,,,,,,,,,,,,,,,23.712906,37.909656,,,,,,,,,,,,,,,,,,,,,,,,,,,,,,,,,,,,,,,,,,,,,,,,,,,,,,,,,,,,,,,,,,,,,,,,,,,,,,,,,,,,,,,,,,,,,,,,,,,,,,,,,,,,
Feature,Zefiros (Ζέφυρος),Tram station of lines 3 and 5<br>Στάση των γραμμών 3 και 5 του τραμ,-1,Point,,,,,,,,,,,,,,,,,,,,,,,,,,,,,,,,,,,,,,,,,,,,,,,,,,,,,,,,,,,,,,,,,,,,,,,,,,,,,,,,,,,,,,,,,,,,,,,,,,,,,,,,,,,,,,,,,,,,,,,,,,,,,,,,,,,,,,,,,,,,,,,,,,,,,,,,,,,,,,,,,,,,,,,,,,,,,,,,,,,,,,,,,,,,,,,23.717058,37.906292,,,,,,,,,,,,,,,,,,,,,,,,,,,,,,,,,,,,,,,,,,,,,,,,,,,,,,,,,,,,,,,,,,,,,,,,,,,,,,,,,,,,,,,,,,,,,,,,,,,,,,,,,,,,
Feature,Loutra Alimou (Λουτρά Αλίμου),Tram station of lines 3 and 5<br>Στάση των γραμμών 3 και 5 του τραμ,-1,Point,,,,,,,,,,,,,,,,,,,,,,,,,,,,,,,,,,,,,,,,,,,,,,,,,,,,,,,,,,,,,,,,,,,,,,,,,,,,,,,,,,,,,,,,,,,,,,,,,,,,,,,,,,,,,,,,,,,,,,,,,,,,,,,,,,,,,,,,,,,,,,,,,,,,,,,,,,,,,,,,,,,,,,,,,,,,,,,,,,,,,,,,,,,,,,,23.719558,37.90227,,,,,,,,,,,,,,,,,,,,,,,,,,,,,,,,,,,,,,,,,,,,,,,,,,,,,,,,,,,,,,,,,,,,,,,,,,,,,,,,,,,,,,,,,,,,,,,,,,,,,,,,,,,,
Feature,Helliniko (Ελληνικό),Tram station of lines 3 and 5<br>Στάση των γραμμών 3 και 5 του τραμ,-1,Point,,,,,,,,,,,,,,,,,,,,,,,,,,,,,,,,,,,,,,,,,,,,,,,,,,,,,,,,,,,,,,,,,,,,,,,,,,,,,,,,,,,,,,,,,,,,,,,,,,,,,,,,,,,,,,,,,,,,,,,,,,,,,,,,,,,,,,,,,,,,,,,,,,,,,,,,,,,,,,,,,,,,,,,,,,,,,,,,,,,,,,,,,,,,,,,23.720191,37.897542,,,,,,,,,,,,,,,,,,,,,,,,,,,,,,,,,,,,,,,,,,,,,,,,,,,,,,,,,,,,,,,,,,,,,,,,,,,,,,,,,,,,,,,,,,,,,,,,,,,,,,,,,,,,
Feature,1st Ag. Kosma (1η Αγίου Κοσμά),Tram station of lines 3 and 5<br>Στάση των γραμμών 3 και 5 του τραμ,-1,Point,,,,,,,,,,,,,,,,,,,,,,,,,,,,,,,,,,,,,,,,,,,,,,,,,,,,,,,,,,,,,,,,,,,,,,,,,,,,,,,,,,,,,,,,,,,,,,,,,,,,,,,,,,,,,,,,,,,,,,,,,,,,,,,,,,,,,,,,,,,,,,,,,,,,,,,,,,,,,,,,,,,,,,,,,,,,,,,,,,,,,,,,,,,,,,,23.72114,37.8943,,,,,,,,,,,,,,,,,,,,,,,,,,,,,,,,,,,,,,,,,,,,,,,,,,,,,,,,,,,,,,,,,,,,,,,,,,,,,,,,,,,,,,,,,,,,,,,,,,,,,,,,,,,,
Feature,2nd Ag. Kosma (2η Αγίου Κοσμά),Tram station of lines 3 and 5<br>Στάση των γραμμών 3 και 5 του τραμ,-1,Point,,,,,,,,,,,,,,,,,,,,,,,,,,,,,,,,,,,,,,,,,,,,,,,,,,,,,,,,,,,,,,,,,,,,,,,,,,,,,,,,,,,,,,,,,,,,,,,,,,,,,,,,,,,,,,,,,,,,,,,,,,,,,,,,,,,,,,,,,,,,,,,,,,,,,,,,,,,,,,,,,,,,,,,,,,,,,,,,,,,,,,,,,,,,,,,23.723162,37.890807,,,,,,,,,,,,,,,,,,,,,,,,,,,,,,,,,,,,,,,,,,,,,,,,,,,,,,,,,,,,,,,,,,,,,,,,,,,,,,,,,,,,,,,,,,,,,,,,,,,,,,,,,,,,
Feature,Agios Alexandros (Άγιος Αλέξανδρος),Tram station of lines 3 and 5<br>Στάση των γραμμών 3 και 5 του τραμ,-1,Point,,,,,,,,,,,,,,,,,,,,,,,,,,,,,,,,,,,,,,,,,,,,,,,,,,,,,,,,,,,,,,,,,,,,,,,,,,,,,,,,,,,,,,,,,,,,,,,,,,,,,,,,,,,,,,,,,,,,,,,,,,,,,,,,,,,,,,,,,,,,,,,,,,,,,,,,,,,,,,,,,,,,,,,,,,,,,,,,,,,,,,,,,,,,,,,23.726918,37.885041,,,,,,,,,,,,,,,,,,,,,,,,,,,,,,,,,,,,,,,,,,,,,,,,,,,,,,,,,,,,,,,,,,,,,,,,,,,,,,,,,,,,,,,,,,,,,,,,,,,,,,,,,,,,
Feature,Hellinon Olimbionikon (Ελλήνων Ολυμπιονικών),Tram station of lines 3 and 5<br>Στάση των γραμμών 3 και 5 του τραμ,-1,Point,,,,,,,,,,,,,,,,,,,,,,,,,,,,,,,,,,,,,,,,,,,,,,,,,,,,,,,,,,,,,,,,,,,,,,,,,,,,,,,,,,,,,,,,,,,,,,,,,,,,,,,,,,,,,,,,,,,,,,,,,,,,,,,,,,,,,,,,,,,,,,,,,,,,,,,,,,,,,,,,,,,,,,,,,,,,,,,,,,,,,,,,,,,,,,,23.729476,37.881145,,,,,,,,,,,,,,,,,,,,,,,,,,,,,,,,,,,,,,,,,,,,,,,,,,,,,,,,,,,,,,,,,,,,,,,,,,,,,,,,,,,,,,,,,,,,,,,,,,,,,,,,,,,,
Feature,Kentro Istioploias (Κέντρο Ιστιοπλοΐας),Tram station of lines 3 and 5<br>Στάση των γραμμών 3 και 5 του τραμ,-1,Point,,,,,,,,,,,,,,,,,,,,,,,,,,,,,,,,,,,,,,,,,,,,,,,,,,,,,,,,,,,,,,,,,,,,,,,,,,,,,,,,,,,,,,,,,,,,,,,,,,,,,,,,,,,,,,,,,,,,,,,,,,,,,,,,,,,,,,,,,,,,,,,,,,,,,,,,,,,,,,,,,,,,,,,,,,,,,,,,,,,,,,,,,,,,,,,23.731858,37.875912,,,,,,,,,,,,,,,,,,,,,,,,,,,,,,,,,,,,,,,,,,,,,,,,,,,,,,,,,,,,,,,,,,,,,,,,,,,,,,,,,,,,,,,,,,,,,,,,,,,,,,,,,,,,
Feature,Platia Vergoti (Πλατεία Βεργωτή),Tram station of lines 3 and 5<br>Στάση των γραμμών 3 και 5 του τραμ,-1,Point,,,,,,,,,,,,,,,,,,,,,,,,,,,,,,,,,,,,,,,,,,,,,,,,,,,,,,,,,,,,,,,,,,,,,,,,,,,,,,,,,,,,,,,,,,,,,,,,,,,,,,,,,,,,,,,,,,,,,,,,,,,,,,,,,,,,,,,,,,,,,,,,,,,,,,,,,,,,,,,,,,,,,,,,,,,,,,,,,,,,,,,,,,,,,,,23.735232,37.871457,,,,,,,,,,,,,,,,,,,,,,,,,,,,,,,,,,,,,,,,,,,,,,,,,,,,,,,,,,,,,,,,,,,,,,,,,,,,,,,,,,,,,,,,,,,,,,,,,,,,,,,,,,,,
Feature,Paralia Glifadas (Παραλία Γλυφάδας),Tram station of lines 3 and 5<br>Στάση των γραμμών 3 και 5 του τραμ,-1,Point,,,,,,,,,,,,,,,,,,,,,,,,,,,,,,,,,,,,,,,,,,,,,,,,,,,,,,,,,,,,,,,,,,,,,,,,,,,,,,,,,,,,,,,,,,,,,,,,,,,,,,,,,,,,,,,,,,,,,,,,,,,,,,,,,,,,,,,,,,,,,,,,,,,,,,,,,,,,,,,,,,,,,,,,,,,,,,,,,,,,,,,,,,,,,,,23.738338,37.867748,,,,,,,,,,,,,,,,,,,,,,,,,,,,,,,,,,,,,,,,,,,,,,,,,,,,,,,,,,,,,,,,,,,,,,,,,,,,,,,,,,,,,,,,,,,,,,,,,,,,,,,,,,,,
Feature,Paleo Dimarhio (Παλαιό Δημαρχείο),Tram station of lines 3 and 5<br>Στάση των γραμμών 3 και 5 του τραμ,-1,Point,,,,,,,,,,,,,,,,,,,,,,,,,,,,,,,,,,,,,,,,,,,,,,,,,,,,,,,,,,,,,,,,,,,,,,,,,,,,,,,,,,,,,,,,,,,,,,,,,,,,,,,,,,,,,,,,,,,,,,,,,,,,,,,,,,,,,,,,,,,,,,,,,,,,,,,,,,,,,,,,,,,,,,,,,,,,,,,,,,,,,,,,,,,,,,,23.743129,37.86469,,,,,,,,,,,,,,,,,,,,,,,,,,,,,,,,,,,,,,,,,,,,,,,,,,,,,,,,,,,,,,,,,,,,,,,,,,,,,,,,,,,,,,,,,,,,,,,,,,,,,,,,,,,,
Feature,Platia Katraki (Πλατεία Κατράκη),Tram station of lines 3 and 5<br>Στάση των γραμμών 3 και 5 του τραμ,-1,Point,,,,,,,,,,,,,,,,,,,,,,,,,,,,,,,,,,,,,,,,,,,,,,,,,,,,,,,,,,,,,,,,,,,,,,,,,,,,,,,,,,,,,,,,,,,,,,,,,,,,,,,,,,,,,,,,,,,,,,,,,,,,,,,,,,,,,,,,,,,,,,,,,,,,,,,,,,,,,,,,,,,,,,,,,,,,,,,,,,,,,,,,,,,,,,,23.747506,37.863479,,,,,,,,,,,,,,,,,,,,,,,,,,,,,,,,,,,,,,,,,,,,,,,,,,,,,,,,,,,,,,,,,,,,,,,,,,,,,,,,,,,,,,,,,,,,,,,,,,,,,,,,,,,,
Feature,Agg. Metaxa (Αγγέλου Μεταξά),Tram station of lines 3 and 5<br>Στάση των γραμμών 3 και 5 του τραμ,-1,Point,,,,,,,,,,,,,,,,,,,,,,,,,,,,,,,,,,,,,,,,,,,,,,,,,,,,,,,,,,,,,,,,,,,,,,,,,,,,,,,,,,,,,,,,,,,,,,,,,,,,,,,,,,,,,,,,,,,,,,,,,,,,,,,,,,,,,,,,,,,,,,,,,,,,,,,,,,,,,,,,,,,,,,,,,,,,,,,,,,,,,,,,,,,,,,,23.751379,37.862712,,,,,,,,,,,,,,,,,,,,,,,,,,,,,,,,,,,,,,,,,,,,,,,,,,,,,,,,,,,,,,,,,,,,,,,,,,,,,,,,,,,,,,,,,,,,,,,,,,,,,,,,,,,,
Feature,Platia Esperidon (Πλατεία Εσπερίδων),Tram station of lines 3 and 5<br>Στάση των γραμμών 3 και 5 του τραμ,-1,Point,,,,,,,,,,,,,,,,,,,,,,,,,,,,,,,,,,,,,,,,,,,,,,,,,,,,,,,,,,,,,,,,,,,,,,,,,,,,,,,,,,,,,,,,,,,,,,,,,,,,,,,,,,,,,,,,,,,,,,,,,,,,,,,,,,,,,,,,,,,,,,,,,,,,,,,,,,,,,,,,,,,,,,,,,,,,,,,,,,,,,,,,,,,,,,,23.75426,37.86007,,,,,,,,,,,,,,,,,,,,,,,,,,,,,,,,,,,,,,,,,,,,,,,,,,,,,,,,,,,,,,,,,,,,,,,,,,,,,,,,,,,,,,,,,,,,,,,,,,,,,,,,,,,,
Feature,Kolimvitirio (Κολυμβητήριο),Tram station of lines 3 and 5<br>Στάση των γραμμών 3 και 5 του τραμ,-1,Point,,,,,,,,,,,,,,,,,,,,,,,,,,,,,,,,,,,,,,,,,,,,,,,,,,,,,,,,,,,,,,,,,,,,,,,,,,,,,,,,,,,,,,,,,,,,,,,,,,,,,,,,,,,,,,,,,,,,,,,,,,,,,,,,,,,,,,,,,,,,,,,,,,,,,,,,,,,,,,,,,,,,,,,,,,,,,,,,,,,,,,,,,,,,,,,23.754297,37.856118,,,,,,,,,,,,,,,,,,,,,,,,,,,,,,,,,,,,,,,,,,,,,,,,,,,,,,,,,,,,,,,,,,,,,,,,,,,,,,,,,,,,,,,,,,,,,,,,,,,,,,,,,,,,
Feature,Voula (Βούλα),End of the tram lines 3 & 5<br>Τέρμα των γραμμών 3 και 5 του τραμ,-1,Point,,,,,,,,,,,,,,,,,,,,,,,,,,,,,,,,,,,,,,,,,,,,,,,,,,,,,,,,,,,,,,,,,,,,,,,,,,,,,,,,,,,,,,,,,,,,,,,,,,,,,,,,,,,,,,,,,,,,,,,,,,,,,,,,,,,,,,,,,,,,,,,,,,,,,,,,,,,,,,,,,,,,,,,,,,,,,,,,,,,,,,,,,,,,,,,23.752463,37.849764,,,,,,,,,,,,,,,,,,,,,,,,,,,,,,,,,,,,,,,,,,,,,,,,,,,,,,,,,,,,,,,,,,,,,,,,,,,,,,,,,,,,,,,,,,,,,,,,,,,,,,,,,,,,
Feature,Batis (Μπάτης),Tram station of lines 3 and 4<br>Στάση των γραμμών 3 και 4 του τραμ,-1,Point,,,,,,,,,,,,,,,,,,,,,,,,,,,,,,,,,,,,,,,,,,,,,,,,,,,,,,,,,,,,,,,,,,,,,,,,,,,,,,,,,,,,,,,,,,,,,,,,,,,,,,,,,,,,,,,,,,,,,,,,,,,,,,,,,,,,,,,,,,,,,,,,,,,,,,,,,,,,,,,,,,,,,,,,,,,,,,,,,,,,,,,,,,,,,,,23.696421,37.921477,,,,,,,,,,,,,,,,,,,,,,,,,,,,,,,,,,,,,,,,,,,,,,,,,,,,,,,,,,,,,,,,,,,,,,,,,,,,,,,,,,,,,,,,,,,,,,,,,,,,,,,,,,,,
Feature,Flisvos (Φλοίσβος),Tram station of lines 3 and 4<br>Στάση των γραμμών 3 και 4 του τραμ,-1,Point,,,,,,,,,,,,,,,,,,,,,,,,,,,,,,,,,,,,,,,,,,,,,,,,,,,,,,,,,,,,,,,,,,,,,,,,,,,,,,,,,,,,,,,,,,,,,,,,,,,,,,,,,,,,,,,,,,,,,,,,,,,,,,,,,,,,,,,,,,,,,,,,,,,,,,,,,,,,,,,,,,,,,,,,,,,,,,,,,,,,,,,,,,,,,,,23.692735,37.923487,,,,,,,,,,,,,,,,,,,,,,,,,,,,,,,,,,,,,,,,,,,,,,,,,,,,,,,,,,,,,,,,,,,,,,,,,,,,,,,,,,,,,,,,,,,,,,,,,,,,,,,,,,,,
Feature,Parko Flisvou (Πάρκο Φλοίβου),Tram station of lines 3 and 4<br>Στάση των γραμμών 3 και 4 του τραμ,-1,Point,,,,,,,,,,,,,,,,,,,,,,,,,,,,,,,,,,,,,,,,,,,,,,,,,,,,,,,,,,,,,,,,,,,,,,,,,,,,,,,,,,,,,,,,,,,,,,,,,,,,,,,,,,,,,,,,,,,,,,,,,,,,,,,,,,,,,,,,,,,,,,,,,,,,,,,,,,,,,,,,,,,,,,,,,,,,,,,,,,,,,,,,,,,,,,,23.688787,37.927672,,,,,,,,,,,,,,,,,,,,,,,,,,,,,,,,,,,,,,,,,,,,,,,,,,,,,,,,,,,,,,,,,,,,,,,,,,,,,,,,,,,,,,,,,,,,,,,,,,,,,,,,,,,,
Feature,Trocadero (Τροκαντερό),Tram station of lines 3 and 4<br>Στάση των γραμμών 3 και 4 του τραμ,-1,Point,,,,,,,,,,,,,,,,,,,,,,,,,,,,,,,,,,,,,,,,,,,,,,,,,,,,,,,,,,,,,,,,,,,,,,,,,,,,,,,,,,,,,,,,,,,,,,,,,,,,,,,,,,,,,,,,,,,,,,,,,,,,,,,,,,,,,,,,,,,,,,,,,,,,,,,,,,,,,,,,,,,,,,,,,,,,,,,,,,,,,,,,,,,,,,,23.687215,37.931349,,,,,,,,,,,,,,,,,,,,,,,,,,,,,,,,,,,,,,,,,,,,,,,,,,,,,,,,,,,,,,,,,,,,,,,,,,,,,,,,,,,,,,,,,,,,,,,,,,,,,,,,,,,,
Feature,Agia Skepi (Αγία Σκέπη),Tram station of lines 3 and 4<br>Στάση των γραμμών 3 και 4 του τραμ,-1,Point,,,,,,,,,,,,,,,,,,,,,,,,,,,,,,,,,,,,,,,,,,,,,,,,,,,,,,,,,,,,,,,,,,,,,,,,,,,,,,,,,,,,,,,,,,,,,,,,,,,,,,,,,,,,,,,,,,,,,,,,,,,,,,,,,,,,,,,,,,,,,,,,,,,,,,,,,,,,,,,,,,,,,,,,,,,,,,,,,,,,,,,,,,,,,,,23.693873,37.933946,,,,,,,,,,,,,,,,,,,,,,,,,,,,,,,,,,,,,,,,,,,,,,,,,,,,,,,,,,,,,,,,,,,,,,,,,,,,,,,,,,,,,,,,,,,,,,,,,,,,,,,,,,,,
Feature,Delta Falirou (Δέλτα Φαλήρου),Tram station of lines 3 and 4<br>Στάση των γραμμών 3 και 4 του τραμ,-1,Point,,,,,,,,,,,,,,,,,,,,,,,,,,,,,,,,,,,,,,,,,,,,,,,,,,,,,,,,,,,,,,,,,,,,,,,,,,,,,,,,,,,,,,,,,,,,,,,,,,,,,,,,,,,,,,,,,,,,,,,,,,,,,,,,,,,,,,,,,,,,,,,,,,,,,,,,,,,,,,,,,,,,,,,,,,,,,,,,,,,,,,,,,,,,,,,23.692317,37.937428,,,,,,,,,,,,,,,,,,,,,,,,,,,,,,,,,,,,,,,,,,,,,,,,,,,,,,,,,,,,,,,,,,,,,,,,,,,,,,,,,,,,,,,,,,,,,,,,,,,,,,,,,,,,
Feature,Tzitzifies (Τζιτζιφιές),Tram station of lines 3 and 4<br>Στάση των γραμμών 3 και 4 του τραμ,-1,Point,,,,,,,,,,,,,,,,,,,,,,,,,,,,,,,,,,,,,,,,,,,,,,,,,,,,,,,,,,,,,,,,,,,,,,,,,,,,,,,,,,,,,,,,,,,,,,,,,,,,,,,,,,,,,,,,,,,,,,,,,,,,,,,,,,,,,,,,,,,,,,,,,,,,,,,,,,,,,,,,,,,,,,,,,,,,,,,,,,,,,,,,,,,,,,,23.688068,37.940673,,,,,,,,,,,,,,,,,,,,,,,,,,,,,,,,,,,,,,,,,,,,,,,,,,,,,,,,,,,,,,,,,,,,,,,,,,,,,,,,,,,,,,,,,,,,,,,,,,,,,,,,,,,,
Feature,Kallithea (Καλλιθέα),Tram station of lines 3 and 4<br>Στάση των γραμμών 3 και 4 του τραμ,-1,Point,,,,,,,,,,,,,,,,,,,,,,,,,,,,,,,,,,,,,,,,,,,,,,,,,,,,,,,,,,,,,,,,,,,,,,,,,,,,,,,,,,,,,,,,,,,,,,,,,,,,,,,,,,,,,,,,,,,,,,,,,,,,,,,,,,,,,,,,,,,,,,,,,,,,,,,,,,,,,,,,,,,,,,,,,,,,,,,,,,,,,,,,,,,,,,,23.684013,37.942653,,,,,,,,,,,,,,,,,,,,,,,,,,,,,,,,,,,,,,,,,,,,,,,,,,,,,,,,,,,,,,,,,,,,,,,,,,,,,,,,,,,,,,,,,,,,,,,,,,,,,,,,,,,,
Feature,Moschato (Μοσχάτο),Tram station of lines 3 and 4<br>Στάση των γραμμών 3 και 4 του τραμ,-1,Point,,,,,,,,,,,,,,,,,,,,,,,,,,,,,,,,,,,,,,,,,,,,,,,,,,,,,,,,,,,,,,,,,,,,,,,,,,,,,,,,,,,,,,,,,,,,,,,,,,,,,,,,,,,,,,,,,,,,,,,,,,,,,,,,,,,,,,,,,,,,,,,,,,,,,,,,,,,,,,,,,,,,,,,,,,,,,,,,,,,,,,,,,,,,,,,23.677908,37.944257,,,,,,,,,,,,,,,,,,,,,,,,,,,,,,,,,,,,,,,,,,,,,,,,,,,,,,,,,,,,,,,,,,,,,,,,,,,,,,,,,,,,,,,,,,,,,,,,,,,,,,,,,,,,
Feature,Neo Faliro (Νέο Φάληρο),Tram station of lines 3 and 4<br>Στάση των γραμμών 3 και 4 του τραμ,-1,Point,,,,,,,,,,,,,,,,,,,,,,,,,,,,,,,,,,,,,,,,,,,,,,,,,,,,,,,,,,,,,,,,,,,,,,,,,,,,,,,,,,,,,,,,,,,,,,,,,,,,,,,,,,,,,,,,,,,,,,,,,,,,,,,,,,,,,,,,,,,,,,,,,,,,,,,,,,,,,,,,,,,,,,,,,,,,,,,,,,,,,,,,,,,,,,,23.668537,37.944557,,,,,,,,,,,,,,,,,,,,,,,,,,,,,,,,,,,,,,,,,,,,,,,,,,,,,,,,,,,,,,,,,,,,,,,,,,,,,,,,,,,,,,,,,,,,,,,,,,,,,,,,,,,,
Feature,Peloponisou Peiraias Station (Piraeus),Σταθμός Πελοπονήσου Πειραιάς,-1,Point,,,,,,,,,,,,,,,,,,,,,,,,,,,,,,,,,,,,,,,,,,,,,,,,,,,,,,,,,,,,,,,,,,,,,,,,,,,,,,,,,,,,,,,,,,,,,,,,,,,,,,,,,,,,,,,,,,,,,,,,,,,,,,,,,,,,,,,,,,,,,,,,,,,,,,,,,,,,,,,,,,,,,,,,,,,,,,,,,,,,,,,,,,,,,,,23.643265,37.949045,,,,,,,,,,,,,,,,,,,,,,,,,,,,,,,,,,,,,,,,,,,,,,,,,,,,,,,,,,,,,,,,,,,,,,,,,,,,,,,,,,,,,,,,,,,,,,,,,,,,,,,,,,,,
Feature,Drapetsonas Station,Σταθμός Δραπετσώνας,-1,Point,,,,,,,,,,,,,,,,,,,,,,,,,,,,,,,,,,,,,,,,,,,,,,,,,,,,,,,,,,,,,,,,,,,,,,,,,,,,,,,,,,,,,,,,,,,,,,,,,,,,,,,,,,,,,,,,,,,,,,,,,,,,,,,,,,,,,,,,,,,,,,,,,,,,,,,,,,,,,,,,,,,,,,,,,,,,,,,,,,,,,,,,,,,,,,,23.635674,37.948339,,,,,,,,,,,,,,,,,,,,,,,,,,,,,,,,,,,,,,,,,,,,,,,,,,,,,,,,,,,,,,,,,,,,,,,,,,,,,,,,,,,,,,,,,,,,,,,,,,,,,,,,,,,,
Feature,Rouf Station,Σταθμός Ρούφ,-1,Point,,,,,,,,,,,,,,,,,,,,,,,,,,,,,,,,,,,,,,,,,,,,,,,,,,,,,,,,,,,,,,,,,,,,,,,,,,,,,,,,,,,,,,,,,,,,,,,,,,,,,,,,,,,,,,,,,,,,,,,,,,,,,,,,,,,,,,,,,,,,,,,,,,,,,,,,,,,,,,,,,,,,,,,,,,,,,,,,,,,,,,,,,,,,,,,23.703325,37.973441,,,,,,,,,,,,,,,,,,,,,,,,,,,,,,,,,,,,,,,,,,,,,,,,,,,,,,,,,,,,,,,,,,,,,,,,,,,,,,,,,,,,,,,,,,,,,,,,,,,,,,,,,,,,
Feature,Irakleio Station,Σταθμός Ηρακλείου,-1,Point,,,,,,,,,,,,,,,,,,,,,,,,,,,,,,,,,,,,,,,,,,,,,,,,,,,,,,,,,,,,,,,,,,,,,,,,,,,,,,,,,,,,,,,,,,,,,,,,,,,,,,,,,,,,,,,,,,,,,,,,,,,,,,,,,,,,,,,,,,,,,,,,,,,,,,,,,,,,,,,,,,,,,,,,,,,,,,,,,,,,,,,,,,,,,,,23.771389,38.057143,,,,,,,,,,,,,,,,,,,,,,,,,,,,,,,,,,,,,,,,,,,,,,,,,,,,,,,,,,,,,,,,,,,,,,,,,,,,,,,,,,,,,,,,,,,,,,,,,,,,,,,,,,,,
Feature,Neratziotissa Station,Σταθμός Νερτζιώτισσας,-1,Point,,,,,,,,,,,,,,,,,,,,,,,,,,,,,,,,,,,,,,,,,,,,,,,,,,,,,,,,,,,,,,,,,,,,,,,,,,,,,,,,,,,,,,,,,,,,,,,,,,,,,,,,,,,,,,,,,,,,,,,,,,,,,,,,,,,,,,,,,,,,,,,,,,,,,,,,,,,,,,,,,,,,,,,,,,,,,,,,,,,,,,,,,,,,,,,23.79327,38.045071,,,,,,,,,,,,,,,,,,,,,,,,,,,,,,,,,,,,,,,,,,,,,,,,,,,,,,,,,,,,,,,,,,,,,,,,,,,,,,,,,,,,,,,,,,,,,,,,,,,,,,,,,,,,
Feature,Kifisia Station,Σταθμός Κηφισιάς,-1,Point,,,,,,,,,,,,,,,,,,,,,,,,,,,,,,,,,,,,,,,,,,,,,,,,,,,,,,,,,,,,,,,,,,,,,,,,,,,,,,,,,,,,,,,,,,,,,,,,,,,,,,,,,,,,,,,,,,,,,,,,,,,,,,,,,,,,,,,,,,,,,,,,,,,,,,,,,,,,,,,,,,,,,,,,,,,,,,,,,,,,,,,,,,,,,,,23.803586,38.042071,,,,,,,,,,,,,,,,,,,,,,,,,,,,,,,,,,,,,,,,,,,,,,,,,,,,,,,,,,,,,,,,,,,,,,,,,,,,,,,,,,,,,,,,,,,,,,,,,,,,,,,,,,,,
Feature,Pentelis Station,Σταθμός Πεντέλης,-1,Point,,,,,,,,,,,,,,,,,,,,,,,,,,,,,,,,,,,,,,,,,,,,,,,,,,,,,,,,,,,,,,,,,,,,,,,,,,,,,,,,,,,,,,,,,,,,,,,,,,,,,,,,,,,,,,,,,,,,,,,,,,,,,,,,,,,,,,,,,,,,,,,,,,,,,,,,,,,,,,,,,,,,,,,,,,,,,,,,,,,,,,,,,,,,,,,23.822136,38.033397,,,,,,,,,,,,,,,,,,,,,,,,,,,,,,,,,,,,,,,,,,,,,,,,,,,,,,,,,,,,,,,,,,,,,,,,,,,,,,,,,,,,,,,,,,,,,,,,,,,,,,,,,,,,
Feature,Diethnis Aerolimin Eleftherios Venizelos Station (Eleftherios Venizelos International Airport),Σταθμός της Διεθνής Αερολιμήν Ελευθέριος Βενιζέλος,-1,Point,,,,,,,,,,,,,,,,,,,,,,,,,,,,,,,,,,,,,,,,,,,,,,,,,,,,,,,,,,,,,,,,,,,,,,,,,,,,,,,,,,,,,,,,,,,,,,,,,,,,,,,,,,,,,,,,,,,,,,,,,,,,,,,,,,,,,,,,,,,,,,,,,,,,,,,,,,,,,,,,,,,,,,,,,,,,,,,,,,,,,,,,,,,,,,,23.945185,37.937323,,,,,,,,,,,,,,,,,,,,,,,,,,,,,,,,,,,,,,,,,,,,,,,,,,,,,,,,,,,,,,,,,,,,,,,,,,,,,,,,,,,,,,,,,,,,,,,,,,,,,,,,,,,,
Feature,Metro- Line 4 (Line U) : planned line,,1,LineString,23.80512,38.056218,23.807287,38.052822,23.807373,38.048294,23.804111,38.040656,23.795099,38.032814,23.789434,38.02727,23.786688,38.023687,23.785143,38.018953,23.784628,38.015234,23.782482,38.009892,23.777676,38.005632,23.77583,38.003095,23.775015,38.000255,23.775315,37.99711,23.777246,37.992375,23.777847,37.989398,23.77686,37.986253,23.773685,37.983885,23.76965,37.982126,23.768964,37.980875,23.769522,37.979352,23.77111,37.976951,23.771067,37.975259,23.769779,37.973635,23.76596,37.971369,23.758364,37.969204,23.7533,37.969576,23.750038,37.971369,23.748236,37.974955,23.745446,37.977018,23.738279,37.977289,23.735147,37.97871,23.732722,37.980858,23.732443,37.983412,23.73343,37.985475,23.736391,37.987673,23.739481,37.98906,23.741541,37.991563,23.742228,37.994438,23.740189,37.996535,23.739481,37.998665,23.739803,38.000813,23.744459,38.004583,23.752098,38.011042,23.754244,38.01564,23.757977,38.02203,,,,,,,,,,,,,,,,,,,,,,,,,,,,,,,,,,,,,,,,,,,,,,,,,,,,,,,,,,,,,,,,,,,,,,,,,,,,,,,,,,,,,,,,,,,,,,,,,,,,,,,,,,,,,,,,,,,,,,,,,,,,,,,,,,,,,,,,,,,,,,,,,,,,,,,,,,,,,,,,,,,,,,,,,,,,,,,,,,,,,,,,,,,,,,,,,,,,,,,,,,,,,,,,
Feature,Repère 123,,-1,Point,,,,,,,,,,,,,,,,,,,,,,,,,,,,,,,,,,,,,,,,,,,,,,,,,,,,,,,,,,,,,,,,,,,,,,,,,,,,,,,,,,,,,,,,,,,,,,,,,,,,,,,,,,,,,,,,,,,,,,,,,,,,,,,,,,,,,,,,,,,,,,,,,,,,,,,,,,,,,,,,,,,,,,,,,,,,,,,,,,,,,,,,,,,,,,,23.757205,38.020509,,,,,,,,,,,,,,,,,,,,,,,,,,,,,,,,,,,,,,,,,,,,,,,,,,,,,,,,,,,,,,,,,,,,,,,,,,,,,,,,,,,,,,,,,,,,,,,,,,,,,,,,,,,,
Feature,Repère 124,,-1,Point,,,,,,,,,,,,,,,,,,,,,,,,,,,,,,,,,,,,,,,,,,,,,,,,,,,,,,,,,,,,,,,,,,,,,,,,,,,,,,,,,,,,,,,,,,,,,,,,,,,,,,,,,,,,,,,,,,,,,,,,,,,,,,,,,,,,,,,,,,,,,,,,,,,,,,,,,,,,,,,,,,,,,,,,,,,,,,,,,,,,,,,,,,,,,,,23.753085,38.012868,,,,,,,,,,,,,,,,,,,,,,,,,,,,,,,,,,,,,,,,,,,,,,,,,,,,,,,,,,,,,,,,,,,,,,,,,,,,,,,,,,,,,,,,,,,,,,,,,,,,,,,,,,,,
Feature,Repère 125,,-1,Point,,,,,,,,,,,,,,,,,,,,,,,,,,,,,,,,,,,,,,,,,,,,,,,,,,,,,,,,,,,,,,,,,,,,,,,,,,,,,,,,,,,,,,,,,,,,,,,,,,,,,,,,,,,,,,,,,,,,,,,,,,,,,,,,,,,,,,,,,,,,,,,,,,,,,,,,,,,,,,,,,,,,,,,,,,,,,,,,,,,,,,,,,,,,,,,23.740726,37.990447,,,,,,,,,,,,,,,,,,,,,,,,,,,,,,,,,,,,,,,,,,,,,,,,,,,,,,,,,,,,,,,,,,,,,,,,,,,,,,,,,,,,,,,,,,,,,,,,,,,,,,,,,,,,
Feature,Repère 127,,-1,Point,,,,,,,,,,,,,,,,,,,,,,,,,,,,,,,,,,,,,,,,,,,,,,,,,,,,,,,,,,,,,,,,,,,,,,,,,,,,,,,,,,,,,,,,,,,,,,,,,,,,,,,,,,,,,,,,,,,,,,,,,,,,,,,,,,,,,,,,,,,,,,,,,,,,,,,,,,,,,,,,,,,,,,,,,,,,,,,,,,,,,,,,,,,,,,,23.740618,37.996112,,,,,,,,,,,,,,,,,,,,,,,,,,,,,,,,,,,,,,,,,,,,,,,,,,,,,,,,,,,,,,,,,,,,,,,,,,,,,,,,,,,,,,,,,,,,,,,,,,,,,,,,,,,,
Feature,Repère 128,,-1,Point,,,,,,,,,,,,,,,,,,,,,,,,,,,,,,,,,,,,,,,,,,,,,,,,,,,,,,,,,,,,,,,,,,,,,,,,,,,,,,,,,,,,,,,,,,,,,,,,,,,,,,,,,,,,,,,,,,,,,,,,,,,,,,,,,,,,,,,,,,,,,,,,,,,,,,,,,,,,,,,,,,,,,,,,,,,,,,,,,,,,,,,,,,,,,,,23.7349,37.98657,,,,,,,,,,,,,,,,,,,,,,,,,,,,,,,,,,,,,,,,,,,,,,,,,,,,,,,,,,,,,,,,,,,,,,,,,,,,,,,,,,,,,,,,,,,,,,,,,,,,,,,,,,,,
Feature,Repère 128,,-1,Point,,,,,,,,,,,,,,,,,,,,,,,,,,,,,,,,,,,,,,,,,,,,,,,,,,,,,,,,,,,,,,,,,,,,,,,,,,,,,,,,,,,,,,,,,,,,,,,,,,,,,,,,,,,,,,,,,,,,,,,,,,,,,,,,,,,,,,,,,,,,,,,,,,,,,,,,,,,,,,,,,,,,,,,,,,,,,,,,,,,,,,,,,,,,,,,23.741434,38.001886,,,,,,,,,,,,,,,,,,,,,,,,,,,,,,,,,,,,,,,,,,,,,,,,,,,,,,,,,,,,,,,,,,,,,,,,,,,,,,,,,,,,,,,,,,,,,,,,,,,,,,,,,,,,
Feature,Repère 129,,-1,Point,,,,,,,,,,,,,,,,,,,,,,,,,,,,,,,,,,,,,,,,,,,,,,,,,,,,,,,,,,,,,,,,,,,,,,,,,,,,,,,,,,,,,,,,,,,,,,,,,,,,,,,,,,,,,,,,,,,,,,,,,,,,,,,,,,,,,,,,,,,,,,,,,,,,,,,,,,,,,,,,,,,,,,,,,,,,,,,,,,,,,,,,,,,,,,,23.733087,37.980283,,,,,,,,,,,,,,,,,,,,,,,,,,,,,,,,,,,,,,,,,,,,,,,,,,,,,,,,,,,,,,,,,,,,,,,,,,,,,,,,,,,,,,,,,,,,,,,,,,,,,,,,,,,,
Feature,Repère 130,,-1,Point,,,,,,,,,,,,,,,,,,,,,,,,,,,,,,,,,,,,,,,,,,,,,,,,,,,,,,,,,,,,,,,,,,,,,,,,,,,,,,,,,,,,,,,,,,,,,,,,,,,,,,,,,,,,,,,,,,,,,,,,,,,,,,,,,,,,,,,,,,,,,,,,,,,,,,,,,,,,,,,,,,,,,,,,,,,,,,,,,,,,,,,,,,,,,,,23.740876,37.976883,,,,,,,,,,,,,,,,,,,,,,,,,,,,,,,,,,,,,,,,,,,,,,,,,,,,,,,,,,,,,,,,,,,,,,,,,,,,,,,,,,,,,,,,,,,,,,,,,,,,,,,,,,,,
Feature,Repère 131,,-1,Point,,,,,,,,,,,,,,,,,,,,,,,,,,,,,,,,,,,,,,,,,,,,,,,,,,,,,,,,,,,,,,,,,,,,,,,,,,,,,,,,,,,,,,,,,,,,,,,,,,,,,,,,,,,,,,,,,,,,,,,,,,,,,,,,,,,,,,,,,,,,,,,,,,,,,,,,,,,,,,,,,,,,,,,,,,,,,,,,,,,,,,,,,,,,,,,23.746798,37.975733,,,,,,,,,,,,,,,,,,,,,,,,,,,,,,,,,,,,,,,,,,,,,,,,,,,,,,,,,,,,,,,,,,,,,,,,,,,,,,,,,,,,,,,,,,,,,,,,,,,,,,,,,,,,
Feature,Repère 132,,-1,Point,,,,,,,,,,,,,,,,,,,,,,,,,,,,,,,,,,,,,,,,,,,,,,,,,,,,,,,,,,,,,,,,,,,,,,,,,,,,,,,,,,,,,,,,,,,,,,,,,,,,,,,,,,,,,,,,,,,,,,,,,,,,,,,,,,,,,,,,,,,,,,,,,,,,,,,,,,,,,,,,,,,,,,,,,,,,,,,,,,,,,,,,,,,,,,,23.754973,37.969271,,,,,,,,,,,,,,,,,,,,,,,,,,,,,,,,,,,,,,,,,,,,,,,,,,,,,,,,,,,,,,,,,,,,,,,,,,,,,,,,,,,,,,,,,,,,,,,,,,,,,,,,,,,,
Feature,Repère 133,,-1,Point,,,,,,,,,,,,,,,,,,,,,,,,,,,,,,,,,,,,,,,,,,,,,,,,,,,,,,,,,,,,,,,,,,,,,,,,,,,,,,,,,,,,,,,,,,,,,,,,,,,,,,,,,,,,,,,,,,,,,,,,,,,,,,,,,,,,,,,,,,,,,,,,,,,,,,,,,,,,,,,,,,,,,,,,,,,,,,,,,,,,,,,,,,,,,,,23.767741,37.972265,,,,,,,,,,,,,,,,,,,,,,,,,,,,,,,,,,,,,,,,,,,,,,,,,,,,,,,,,,,,,,,,,,,,,,,,,,,,,,,,,,,,,,,,,,,,,,,,,,,,,,,,,,,,
Feature,Repère 134,,-1,Point,,,,,,,,,,,,,,,,,,,,,,,,,,,,,,,,,,,,,,,,,,,,,,,,,,,,,,,,,,,,,,,,,,,,,,,,,,,,,,,,,,,,,,,,,,,,,,,,,,,,,,,,,,,,,,,,,,,,,,,,,,,,,,,,,,,,,,,,,,,,,,,,,,,,,,,,,,,,,,,,,,,,,,,,,,,,,,,,,,,,,,,,,,,,,,,23.770809,37.977306,,,,,,,,,,,,,,,,,,,,,,,,,,,,,,,,,,,,,,,,,,,,,,,,,,,,,,,,,,,,,,,,,,,,,,,,,,,,,,,,,,,,,,,,,,,,,,,,,,,,,,,,,,,,
Feature,Repère 135,,-1,Point,,,,,,,,,,,,,,,,,,,,,,,,,,,,,,,,,,,,,,,,,,,,,,,,,,,,,,,,,,,,,,,,,,,,,,,,,,,,,,,,,,,,,,,,,,,,,,,,,,,,,,,,,,,,,,,,,,,,,,,,,,,,,,,,,,,,,,,,,,,,,,,,,,,,,,,,,,,,,,,,,,,,,,,,,,,,,,,,,,,,,,,,,,,,,,,23.769967,37.982262,,,,,,,,,,,,,,,,,,,,,,,,,,,,,,,,,,,,,,,,,,,,,,,,,,,,,,,,,,,,,,,,,,,,,,,,,,,,,,,,,,,,,,,,,,,,,,,,,,,,,,,,,,,,
Feature,Repère 136,,-1,Point,,,,,,,,,,,,,,,,,,,,,,,,,,,,,,,,,,,,,,,,,,,,,,,,,,,,,,,,,,,,,,,,,,,,,,,,,,,,,,,,,,,,,,,,,,,,,,,,,,,,,,,,,,,,,,,,,,,,,,,,,,,,,,,,,,,,,,,,,,,,,,,,,,,,,,,,,,,,,,,,,,,,,,,,,,,,,,,,,,,,,,,,,,,,,,,23.777204,37.992476,,,,,,,,,,,,,,,,,,,,,,,,,,,,,,,,,,,,,,,,,,,,,,,,,,,,,,,,,,,,,,,,,,,,,,,,,,,,,,,,,,,,,,,,,,,,,,,,,,,,,,,,,,,,
Feature,Repère 137,,-1,Point,,,,,,,,,,,,,,,,,,,,,,,,,,,,,,,,,,,,,,,,,,,,,,,,,,,,,,,,,,,,,,,,,,,,,,,,,,,,,,,,,,,,,,,,,,,,,,,,,,,,,,,,,,,,,,,,,,,,,,,,,,,,,,,,,,,,,,,,,,,,,,,,,,,,,,,,,,,,,,,,,,,,,,,,,,,,,,,,,,,,,,,,,,,,,,,23.776109,38.003535,,,,,,,,,,,,,,,,,,,,,,,,,,,,,,,,,,,,,,,,,,,,,,,,,,,,,,,,,,,,,,,,,,,,,,,,,,,,,,,,,,,,,,,,,,,,,,,,,,,,,,,,,,,,
Feature,Repère 138,,-1,Point,,,,,,,,,,,,,,,,,,,,,,,,,,,,,,,,,,,,,,,,,,,,,,,,,,,,,,,,,,,,,,,,,,,,,,,,,,,,,,,,,,,,,,,,,,,,,,,,,,,,,,,,,,,,,,,,,,,,,,,,,,,,,,,,,,,,,,,,,,,,,,,,,,,,,,,,,,,,,,,,,,,,,,,,,,,,,,,,,,,,,,,,,,,,,,,23.784789,38.015539,,,,,,,,,,,,,,,,,,,,,,,,,,,,,,,,,,,,,,,,,,,,,,,,,,,,,,,,,,,,,,,,,,,,,,,,,,,,,,,,,,,,,,,,,,,,,,,,,,,,,,,,,,,,
Feature,Repère 139,,-1,Point,,,,,,,,,,,,,,,,,,,,,,,,,,,,,,,,,,,,,,,,,,,,,,,,,,,,,,,,,,,,,,,,,,,,,,,,,,,,,,,,,,,,,,,,,,,,,,,,,,,,,,,,,,,,,,,,,,,,,,,,,,,,,,,,,,,,,,,,,,,,,,,,,,,,,,,,,,,,,,,,,,,,,,,,,,,,,,,,,,,,,,,,,,,,,,,23.78974,38.027452,,,,,,,,,,,,,,,,,,,,,,,,,,,,,,,,,,,,,,,,,,,,,,,,,,,,,,,,,,,,,,,,,,,,,,,,,,,,,,,,,,,,,,,,,,,,,,,,,,,,,,,,,,,,
Feature,Repère 140,,-1,Point,,,,,,,,,,,,,,,,,,,,,,,,,,,,,,,,,,,,,,,,,,,,,,,,,,,,,,,,,,,,,,,,,,,,,,,,,,,,,,,,,,,,,,,,,,,,,,,,,,,,,,,,,,,,,,,,,,,,,,,,,,,,,,,,,,,,,,,,,,,,,,,,,,,,,,,,,,,,,,,,,,,,,,,,,,,,,,,,,,,,,,,,,,,,,,,23.794638,38.032814,,,,,,,,,,,,,,,,,,,,,,,,,,,,,,,,,,,,,,,,,,,,,,,,,,,,,,,,,,,,,,,,,,,,,,,,,,,,,,,,,,,,,,,,,,,,,,,,,,,,,,,,,,,,
Feature,Repère 142,,-1,Point,,,,,,,,,,,,,,,,,,,,,,,,,,,,,,,,,,,,,,,,,,,,,,,,,,,,,,,,,,,,,,,,,,,,,,,,,,,,,,,,,,,,,,,,,,,,,,,,,,,,,,,,,,,,,,,,,,,,,,,,,,,,,,,,,,,,,,,,,,,,,,,,,,,,,,,,,,,,,,,,,,,,,,,,,,,,,,,,,,,,,,,,,,,,,,,23.804176,38.040875,,,,,,,,,,,,,,,,,,,,,,,,,,,,,,,,,,,,,,,,,,,,,,,,,,,,,,,,,,,,,,,,,,,,,,,,,,,,,,,,,,,,,,,,,,,,,,,,,,,,,,,,,,,,
Feature,Repère 143,,-1,Point,,,,,,,,,,,,,,,,,,,,,,,,,,,,,,,,,,,,,,,,,,,,,,,,,,,,,,,,,,,,,,,,,,,,,,,,,,,,,,,,,,,,,,,,,,,,,,,,,,,,,,,,,,,,,,,,,,,,,,,,,,,,,,,,,,,,,,,,,,,,,,,,,,,,,,,,,,,,,,,,,,,,,,,,,,,,,,,,,,,,,,,,,,,,,,,23.805313,38.056168,,,,,,,,,,,,,,,,,,,,,,,,,,,,,,,,,,,,,,,,,,,,,,,,,,,,,,,,,,,,,,,,,,,,,,,,,,,,,,,,,,,,,,,,,,,,,,,,,,,,,,,,,,,,
Feature,Metro- Line 4 : planned extension westward,,1,LineString,23.75602,38.01864,23.75877,38.02348,23.76269,38.02862,23.76505,38.02987,23.76604,38.03139,23.76514,38.03301,23.76291,38.03362,23.7581,38.03318,23.75299,38.03254,23.74759,38.03267,23.737679,38.033287,23.720684,38.036329,23.701715,38.034977,23.686008,38.041602,,,,,,,,,,,,,,,,,,,,,,,,,,,,,,,,,,,,,,,,,,,,,,,,,,,,,,,,,,,,,,,,,,,,,,,,,,,,,,,,,,,,,,,,,,,,,,,,,,,,,,,,,,,,,,,,,,,,,,,,,,,,,,,,,,,,,,,,,,,,,,,,,,,,,,,,,,,,,,,,,,,,,,,,,,,,,,,,,,,,,,,,,,,,,,,,,,,,,,,,,,,,,,,,,,,,,,,,,,,,,,,,,,,,,,,,,,,,,,,,,,,,,,,,,,,,,,,,,,,,,,,,,,,,,,,,
Feature,Metro- Line 4 : planned extension northward,,1,LineString,23.807212,38.052881,23.803854,38.058195,23.801537,38.060594,23.797245,38.060932,23.791409,38.059986,23.784542,38.059783,23.779564,38.062757,23.777761,38.066609,23.779736,38.071812,23.781023,38.074514,23.779564,38.077622,,,,,,,,,,,,,,,,,,,,,,,,,,,,,,,,,,,,,,,,,,,,,,,,,,,,,,,,,,,,,,,,,,,,,,,,,,,,,,,,,,,,,,,,,,,,,,,,,,,,,,,,,,,,,,,,,,,,,,,,,,,,,,,,,,,,,,,,,,,,,,,,,,,,,,,,,,,,,,,,,,,,,,,,,,,,,,,,,,,,,,,,,,,,,,,,,,,,,,,,,,,,,,,,,,,,,,,,,,,,,,,,,,,,,,,,,,,,,,,,,,,,,,,,,,,,,,,,,,,,,,,,,,,,,,,,,,,,,,
